age_at_enrollment,course,tuition_fee_status,semester_performance,attendance_rate,num_failed_courses,financial_aid,dropped_out
23,engineering,paid,0.596,0.781,0,0,1
24,business,paid,0.601,0.975,0,0,1
30,arts,paid,0.857,0.88,0,1,0
26,engineering,unpaid,0.726,0.923,0,0,1
22,engineering,unpaid,0.925,0.826,0,0,0
30,science,paid,0.891,0.854,1,1,0
28,engineering,paid,0.892,0.763,0,0,0
30,arts,paid,0.911,0.766,0,0,0
25,engineering,unpaid,0.619,0.698,0,0,1
29,arts,unpaid,0.74,0.831,1,1,0
23,science,paid,0.639,0.871,0,0,1
24,science,unpaid,0.658,0.842,0,0,1
17,business,paid,0.708,0.601,0,0,1
17,arts,unpaid,0.43,0.756,0,0,1
27,science,partial,0.899,0.917,0,0,1
25,business,paid,0.782,0.738,1,1,0
17,arts,partial,0.58,0.844,0,0,0
17,engineering,paid,0.687,0.687,0,0,0
22,science,paid,0.448,0.883,0,0,1
17,business,partial,0.89,0.761,1,0,1
17,business,paid,0.45,0.86,1,0,0
17,science,unpaid,0.688,0.942,0,0,0
20,engineering,partial,0.531,0.918,0,0,0
29,engineering,unpaid,0.778,0.98,0,1,0
22,business,unpaid,0.445,0.892,1,0,1
21,business,unpaid,0.792,0.788,0,0,0
17,arts,unpaid,0.753,0.937,0,0,1
17,engineering,paid,0.696,0.897,1,0,0
24,arts,partial,0.615,0.824,0,1,0
27,engineering,paid,0.787,0.893,0,1,0
21,engineering,partial,0.968,0.925,0,1,0
28,business,partial,0.651,0.718,1,0,0
28,business,paid,0.723,0.702,1,0,0
26,business,partial,0.681,0.698,0,0,0
26,arts,unpaid,0.894,0.855,0,0,1
23,business,unpaid,0.822,0.852,0,0,0
29,engineering,unpaid,0.895,0.412,0,0,1
21,arts,unpaid,0.768,0.547,1,0,0
24,arts,paid,0.686,0.506,0,0,0
17,science,partial,0.91,0.734,0,1,0
21,business,unpaid,0.772,0.933,1,0,1
17,arts,unpaid,0.495,0.835,0,0,1
29,business,paid,0.482,0.811,1,1,0
21,arts,paid,0.32,0.823,1,0,1
19,business,partial,0.597,0.967,0,1,0
28,business,paid,0.357,0.982,0,0,1
20,arts,unpaid,0.831,0.852,0,0,1
17,business,paid,0.366,0.893,0,0,1
29,science,partial,0.856,0.813,0,0,1
19,science,paid,0.741,0.911,0,0,1
25,business,paid,0.512,0.961,0,0,0
28,arts,unpaid,0.804,0.895,0,0,1
30,business,unpaid,0.687,0.863,1,0,1
29,science,unpaid,0.846,0.82,0,0,1
20,science,partial,0.935,0.964,0,0,1
25,arts,paid,0.985,0.721,0,0,0
22,science,paid,0.579,0.887,0,1,0
26,engineering,paid,0.808,0.776,0,1,0
30,arts,unpaid,0.606,0.569,1,0,1
29,arts,unpaid,0.923,0.557,0,1,1
20,science,unpaid,0.763,0.799,0,0,0
27,engineering,partial,0.934,0.86,0,0,0
28,science,unpaid,0.724,0.924,1,0,1
21,science,unpaid,0.815,0.872,1,0,0
27,business,unpaid,0.67,0.905,0,0,0
25,engineering,unpaid,0.892,0.885,0,1,1
29,engineering,unpaid,0.588,0.769,0,0,0
20,business,unpaid,0.958,0.642,0,0,0
29,business,paid,0.73,0.538,0,1,0
20,business,partial,0.866,0.946,1,0,0
23,arts,partial,0.895,0.898,1,0,0
23,engineering,unpaid,0.823,0.942,2,0,1
27,business,unpaid,0.613,0.836,0,0,1
22,arts,unpaid,0.269,0.78,0,0,0
17,engineering,unpaid,0.948,0.698,0,0,0
22,business,unpaid,0.917,0.786,0,0,0
25,arts,paid,0.762,0.832,0,0,0
19,business,paid,0.57,0.733,0,1,0
28,engineering,unpaid,0.681,0.777,1,1,0
18,business,partial,0.508,0.779,0,0,0
24,engineering,paid,0.826,0.96,1,1,0
19,business,partial,0.438,0.817,0,0,1
24,arts,paid,0.833,0.779,0,0,0
29,arts,unpaid,0.717,0.835,1,1,1
27,engineering,paid,0.829,0.594,0,1,0
24,science,paid,0.702,0.918,0,0,0
27,arts,paid,0.944,0.854,0,0,0
24,science,unpaid,0.597,0.687,0,1,1
27,arts,partial,0.626,0.687,2,1,1
27,science,paid,0.574,0.864,0,0,1
29,arts,unpaid,0.632,0.637,0,1,0
18,business,partial,0.479,0.857,0,0,1
17,business,partial,0.687,0.948,1,0,1
30,science,paid,0.37,0.869,0,0,0
19,arts,paid,0.945,0.852,1,0,1
21,engineering,partial,0.544,0.925,0,0,0
29,engineering,unpaid,0.396,0.68,2,0,1
28,arts,unpaid,0.828,0.778,0,0,1
17,arts,paid,0.886,0.809,1,1,0
25,engineering,unpaid,0.833,0.799,0,1,0
26,engineering,paid,0.5,0.921,0,0,1
30,engineering,paid,0.721,0.925,2,0,0
29,business,paid,0.653,0.755,0,0,0
18,arts,partial,0.602,0.872,0,0,0
28,science,paid,0.967,0.606,0,0,0
22,arts,unpaid,0.547,0.601,0,1,1
21,science,paid,0.752,0.869,0,0,0
25,science,partial,0.636,0.843,0,0,0
28,arts,paid,0.836,0.856,0,0,1
17,engineering,unpaid,0.676,0.776,0,0,0
20,science,partial,0.575,0.865,0,1,0
30,science,partial,0.883,0.75,0,0,1
28,science,unpaid,0.9,0.864,1,0,0
29,engineering,unpaid,0.494,0.81,0,0,1
25,engineering,paid,0.528,0.696,0,0,0
18,science,unpaid,0.696,0.98,1,0,0
29,business,paid,0.514,0.784,0,0,1
20,arts,paid,0.814,0.61,0,0,1
27,arts,unpaid,0.597,0.791,0,0,1
22,science,paid,0.735,0.463,0,0,0
18,science,paid,0.731,0.73,0,1,0
21,business,partial,0.622,0.846,0,0,0
23,arts,paid,0.589,0.929,0,0,1
22,science,unpaid,0.799,0.742,0,0,1
19,engineering,paid,0.579,0.969,0,1,0
25,engineering,paid,0.906,0.972,1,0,0
17,arts,paid,0.35,0.827,0,0,1
18,science,partial,0.922,0.821,1,0,0
28,science,paid,0.789,0.784,0,0,0
18,science,paid,0.661,0.718,2,1,0
29,arts,partial,0.453,0.997,0,0,0
28,engineering,partial,0.595,0.409,0,0,1
21,business,partial,0.818,0.785,0,0,0
28,business,partial,0.603,0.814,0,0,0
23,science,paid,0.531,0.808,0,0,0
18,arts,partial,0.636,0.959,0,1,0
18,arts,paid,0.912,0.81,0,0,0
26,engineering,unpaid,0.741,0.96,0,1,1
28,business,paid,0.747,0.905,0,0,0
28,engineering,unpaid,0.677,0.785,1,0,0
18,science,unpaid,0.848,0.628,0,0,1
29,arts,paid,0.617,0.791,0,0,0
25,engineering,paid,0.667,0.93,0,0,0
30,engineering,unpaid,0.761,0.838,1,0,1
20,engineering,unpaid,0.583,0.385,0,0,1
23,arts,partial,0.836,0.809,0,0,0
18,engineering,unpaid,0.572,0.702,0,0,1
17,arts,unpaid,0.538,0.868,0,0,0
26,engineering,unpaid,0.964,0.772,0,0,0
24,engineering,partial,0.558,0.526,0,0,1
24,business,partial,0.765,0.948,0,0,1
27,arts,unpaid,0.597,0.867,0,1,0
23,business,paid,0.957,0.89,0,1,0
30,business,partial,0.876,0.616,0,1,0
24,arts,unpaid,0.844,0.759,0,0,1
28,business,partial,0.717,0.617,0,1,1
18,business,paid,0.698,0.711,1,0,1
25,engineering,partial,0.858,0.905,0,0,0
29,engineering,paid,0.874,0.838,0,1,0
18,arts,unpaid,0.672,0.896,2,0,0
26,business,paid,0.738,0.909,1,0,0
24,business,paid,0.344,0.887,0,0,1
28,arts,partial,0.438,0.863,0,0,1
19,business,paid,0.471,0.739,2,0,0
23,science,unpaid,0.747,0.931,0,0,0
18,business,unpaid,0.666,0.784,0,1,0
30,engineering,unpaid,0.682,0.885,1,0,1
21,business,unpaid,0.724,0.882,0,0,0
17,engineering,paid,0.523,0.869,0,0,0
28,business,paid,0.619,0.89,0,0,1
19,engineering,unpaid,0.645,0.793,0,1,0
25,arts,partial,0.767,0.558,0,0,1
17,business,unpaid,0.783,0.914,0,1,0
25,arts,unpaid,0.521,0.98,0,0,1
21,business,paid,0.644,0.783,0,0,0
25,business,unpaid,0.913,0.726,0,0,0
19,science,partial,0.809,0.904,0,0,1
24,engineering,paid,0.986,0.983,0,0,0
17,science,partial,0.384,0.737,0,0,1
19,engineering,paid,0.786,0.734,0,0,0
29,business,paid,0.928,0.903,0,0,0
18,business,paid,0.662,0.778,0,0,0
29,science,unpaid,0.571,0.661,0,0,0
22,science,unpaid,0.755,0.829,0,0,0
22,engineering,paid,0.815,0.805,1,1,0
23,engineering,unpaid,0.933,0.943,0,0,0
17,arts,unpaid,0.814,0.448,0,1,0
20,engineering,partial,0.835,0.931,0,1,0
19,arts,partial,0.783,0.826,2,1,0
29,arts,paid,0.335,0.759,0,0,1
28,business,partial,0.792,0.916,0,0,0
24,engineering,partial,0.839,0.699,0,0,0
21,arts,unpaid,0.531,0.796,0,0,0
22,arts,unpaid,0.315,0.597,0,1,0
18,engineering,partial,0.95,0.831,0,0,0
22,science,unpaid,0.702,0.694,1,0,1
30,arts,paid,0.744,0.802,1,0,0
20,arts,paid,0.621,0.947,0,0,0
18,science,paid,0.656,0.957,0,0,0
19,arts,unpaid,0.824,0.948,0,0,1
17,business,partial,0.737,0.834,0,0,1
30,arts,partial,0.596,0.69,0,0,1
17,arts,unpaid,0.671,0.607,0,1,1
20,engineering,partial,0.751,0.845,0,0,0
21,engineering,partial,0.715,0.717,1,0,0
18,arts,paid,0.753,0.946,0,1,0
22,science,partial,0.909,0.921,0,0,0
22,business,paid,0.625,0.783,0,0,0
18,arts,paid,0.987,0.816,0,0,0
28,arts,partial,0.771,0.757,0,0,0
25,business,partial,0.517,0.824,1,0,1
22,engineering,partial,0.742,0.876,0,0,0
27,business,unpaid,0.711,0.825,1,0,0
27,science,unpaid,0.913,0.759,0,0,1
22,business,paid,0.509,0.852,0,0,1
30,engineering,partial,0.559,0.521,0,0,1
27,arts,unpaid,0.691,0.757,0,0,0
18,business,paid,0.398,0.895,0,0,0
20,engineering,unpaid,0.8,0.646,0,0,1
25,science,partial,0.83,0.747,0,0,1
19,business,partial,0.657,0.962,0,0,0
20,engineering,partial,0.526,0.646,0,0,1
19,arts,partial,0.863,0.694,0,0,0
25,engineering,unpaid,0.952,0.858,0,1,1
20,science,paid,0.721,0.699,0,0,0
25,arts,partial,0.648,0.858,1,0,1
19,science,paid,0.725,0.903,0,0,0
22,business,unpaid,0.667,0.911,0,0,1
17,business,unpaid,0.942,0.768,0,1,0
24,engineering,unpaid,0.676,0.818,0,0,1
17,business,unpaid,0.697,0.638,0,0,1
20,business,unpaid,0.803,0.914,0,0,1
21,science,partial,0.736,0.469,0,0,1
24,science,unpaid,0.533,0.811,0,0,1
21,business,unpaid,0.955,0.8,0,0,1
18,arts,paid,0.876,0.744,0,1,0
26,science,unpaid,0.776,0.779,0,0,1
19,science,unpaid,0.917,0.824,0,1,0
22,arts,unpaid,0.415,0.79,0,0,1
27,business,partial,0.945,0.776,0,0,1
20,engineering,partial,0.634,0.696,0,0,0
18,business,paid,0.807,0.951,0,0,0
26,science,unpaid,0.521,0.845,1,0,1
17,business,partial,0.638,0.795,0,0,0
24,science,partial,0.469,0.894,0,0,1
26,arts,unpaid,0.909,0.828,0,0,1
20,science,unpaid,0.286,0.887,0,1,1
29,arts,unpaid,0.754,0.872,0,0,1
26,engineering,partial,0.7,0.775,2,0,0
19,business,paid,0.831,0.724,0,0,0
29,arts,unpaid,0.486,0.911,0,0,1
28,business,paid,0.838,0.721,0,0,0
19,arts,paid,0.92,0.813,0,0,1
29,engineering,paid,0.806,0.715,1,1,0
19,arts,partial,0.594,0.84,1,0,1
25,engineering,partial,0.703,0.828,0,0,1
24,science,unpaid,0.585,0.749,1,1,1
29,arts,unpaid,0.733,0.944,0,1,0
18,science,partial,0.613,0.896,0,0,0
23,science,paid,0.643,0.903,0,0,0
26,arts,unpaid,0.268,0.942,0,0,1
30,engineering,paid,0.686,0.876,1,0,0
19,science,paid,0.865,0.943,0,0,0
20,arts,unpaid,0.693,0.972,1,0,0
22,science,paid,0.702,0.822,1,1,0
28,arts,paid,0.65,0.934,0,0,0
28,science,paid,0.615,0.844,0,1,0
25,science,unpaid,0.646,0.676,0,0,0
27,business,partial,0.884,0.554,1,1,1
27,science,unpaid,0.528,0.897,0,0,0
22,science,paid,0.584,0.975,1,1,0
18,science,partial,0.402,0.862,0,0,0
20,business,paid,0.592,0.952,1,0,1
17,business,unpaid,0.843,0.892,1,1,1
27,science,unpaid,0.885,0.643,0,0,1
23,arts,partial,0.658,0.857,0,0,0
18,science,paid,0.595,0.817,0,0,0
28,business,paid,0.774,0.786,0,0,0
24,business,partial,0.643,0.753,0,0,0
28,business,unpaid,0.747,0.908,1,0,0
26,engineering,paid,0.71,0.888,0,1,0
22,arts,paid,0.636,0.851,0,0,0
29,science,unpaid,0.538,0.809,0,1,0
20,arts,unpaid,0.873,0.89,1,1,0
29,arts,paid,0.404,0.943,0,1,1
21,science,partial,0.484,0.756,3,0,1
28,business,unpaid,0.624,0.917,1,0,1
29,science,partial,0.723,0.932,0,0,1
21,engineering,paid,0.707,0.797,2,0,1
26,science,partial,0.902,0.903,0,1,1
24,engineering,unpaid,0.761,0.846,0,0,1
18,science,partial,0.438,0.619,0,1,1
28,engineering,partial,0.616,0.852,1,0,0
22,business,partial,0.746,0.681,0,0,1
27,science,unpaid,0.775,0.789,0,0,0
29,arts,partial,0.795,0.836,1,0,1
28,arts,partial,0.661,0.86,0,0,0
22,science,partial,0.696,0.738,0,1,0
29,engineering,partial,0.602,0.644,1,1,0
25,business,unpaid,0.768,0.716,1,0,1
27,science,unpaid,0.77,0.824,0,1,0
19,arts,partial,0.913,0.885,1,0,1
29,arts,unpaid,0.636,0.901,0,0,1
19,engineering,partial,0.803,0.969,0,1,0
28,engineering,paid,0.821,0.921,0,1,0
20,science,paid,0.659,0.838,0,0,0
28,science,paid,0.763,0.946,0,0,1
29,engineering,partial,0.59,0.665,0,0,1
27,science,partial,0.743,0.863,0,0,1
26,arts,partial,0.828,0.772,0,0,0
24,business,partial,0.343,0.58,0,1,0
20,science,partial,0.657,0.996,0,0,1
26,science,partial,0.615,0.915,0,1,0
19,engineering,partial,0.429,0.792,0,0,0
25,engineering,unpaid,0.895,0.908,1,0,0
20,engineering,partial,0.652,0.894,0,0,1
17,arts,unpaid,0.533,0.757,0,0,1
28,engineering,unpaid,0.839,0.917,0,0,0
22,engineering,paid,0.594,0.939,0,0,0
26,arts,paid,0.918,0.813,0,0,0
25,engineering,unpaid,0.584,0.868,1,1,0
29,arts,paid,0.522,0.592,2,0,0
24,arts,partial,0.592,0.81,0,0,0
17,engineering,unpaid,0.93,0.919,0,0,1
17,arts,partial,0.677,0.465,0,1,1
24,business,partial,0.841,0.619,1,1,0
17,arts,unpaid,0.225,0.938,0,0,1
20,engineering,paid,0.666,0.721,0,0,0
19,business,paid,0.562,0.893,0,0,0
22,engineering,partial,0.76,0.873,0,1,0
28,science,partial,0.628,0.819,0,0,0
17,arts,paid,0.42,0.638,1,0,1
19,arts,paid,0.614,0.686,0,0,1
23,business,unpaid,0.898,0.878,1,0,0
20,engineering,unpaid,0.532,0.842,1,0,1
30,engineering,partial,0.757,0.681,0,0,0
30,science,unpaid,0.85,0.653,2,0,1
22,business,paid,0.538,0.983,0,0,1
23,business,paid,0.933,0.734,0,0,0
28,science,partial,0.985,0.733,0,0,1
22,engineering,partial,0.54,0.902,0,0,1
19,business,unpaid,0.716,0.648,0,0,1
29,science,unpaid,0.841,0.687,0,0,1
30,arts,partial,0.68,0.72,0,0,0
25,arts,unpaid,0.697,0.467,0,0,1
17,business,unpaid,0.828,0.948,0,0,0
29,science,partial,0.859,0.656,0,0,0
23,science,unpaid,0.798,0.922,2,0,0
30,business,partial,0.871,0.928,0,0,0
27,arts,paid,0.476,0.817,0,0,1
21,business,partial,0.706,0.894,0,0,1
18,arts,partial,0.709,0.901,0,0,1
19,science,partial,0.713,0.894,1,0,1
28,engineering,partial,0.931,0.571,0,0,1
29,business,paid,0.475,0.583,0,1,0
26,science,paid,0.499,0.817,1,0,0
28,business,partial,0.573,0.745,1,0,0
29,business,partial,0.606,0.913,0,0,0
30,business,unpaid,0.67,0.887,0,0,1
22,engineering,unpaid,0.87,0.632,1,0,0
29,arts,paid,0.67,0.845,0,0,1
22,arts,unpaid,0.606,0.736,0,1,1
24,science,partial,0.734,0.975,2,1,0
30,arts,unpaid,0.901,0.898,0,1,0
20,science,unpaid,0.475,0.877,1,0,1
30,science,partial,0.63,0.744,0,0,0
29,engineering,paid,0.595,0.744,0,1,0
30,business,paid,0.813,0.935,2,0,1
30,science,unpaid,0.678,0.859,0,0,0
28,arts,partial,0.795,0.934,1,0,0
19,business,partial,0.513,0.812,0,0,0
28,business,partial,0.553,0.921,1,0,0
30,business,partial,0.773,0.896,0,0,0
29,science,partial,0.866,0.732,0,0,0
23,business,partial,0.818,0.988,0,0,0
22,arts,paid,0.354,0.911,1,0,0
17,arts,partial,0.799,0.92,0,0,0
23,engineering,unpaid,0.722,0.68,0,1,0
21,arts,paid,0.689,0.96,0,1,0
30,arts,unpaid,0.923,0.789,0,1,0
27,science,partial,0.529,0.661,0,0,0
30,business,paid,0.883,0.642,1,0,0
20,arts,partial,0.779,0.745,0,0,0
18,arts,partial,0.618,0.957,1,1,0
22,arts,partial,0.752,0.805,0,0,0
20,engineering,unpaid,0.872,0.931,1,1,0
30,arts,partial,0.809,0.502,0,0,0
28,engineering,paid,0.731,0.813,1,0,1
18,business,unpaid,0.872,0.88,0,0,0
27,arts,unpaid,0.861,0.971,0,1,0
23,science,paid,0.625,0.737,0,0,1
26,engineering,unpaid,0.742,0.899,0,0,1
18,business,partial,0.406,0.724,0,0,1
21,science,partial,0.577,0.813,0,0,0
22,business,paid,0.651,0.636,0,0,0
26,engineering,partial,0.916,0.731,1,0,0
21,science,paid,0.739,0.68,0,1,1
23,engineering,partial,0.755,0.994,0,1,1
24,science,paid,0.909,0.847,1,0,0
21,engineering,paid,0.629,0.727,0,1,0
26,arts,unpaid,0.473,0.918,0,0,1
20,business,paid,0.927,0.76,0,0,0
20,arts,paid,0.708,0.848,0,0,0
19,science,unpaid,0.386,0.946,0,0,0
21,arts,unpaid,0.679,0.947,0,1,0
30,science,partial,0.845,0.45,0,0,0
23,science,partial,0.596,0.825,1,0,0
23,science,partial,0.694,0.659,0,0,1
20,engineering,unpaid,0.654,0.772,0,0,0
21,engineering,paid,0.59,0.816,1,0,1
27,arts,partial,0.834,0.915,0,0,0
25,engineering,paid,0.725,0.912,0,0,0
28,arts,paid,0.587,0.619,0,0,1
29,engineering,paid,0.663,0.972,0,0,1
18,engineering,partial,0.654,0.8,0,0,0
21,science,unpaid,0.752,0.897,1,1,1
25,science,partial,0.501,0.913,0,0,1
30,engineering,paid,0.912,0.729,0,1,0
20,business,unpaid,0.854,0.883,0,0,0
23,business,unpaid,0.775,0.898,0,0,0
23,science,paid,0.449,0.711,0,0,1
28,arts,partial,0.732,0.931,0,0,1
18,arts,partial,0.888,0.89,0,1,0
19,engineering,unpaid,0.645,0.87,0,0,1
17,arts,unpaid,0.939,0.628,0,0,0
23,arts,partial,0.651,0.918,0,0,0
30,arts,paid,0.218,0.871,0,0,1
18,engineering,paid,0.888,0.741,1,0,1
24,business,unpaid,0.678,0.941,0,0,1
28,business,partial,0.982,0.888,0,0,1
23,engineering,partial,0.845,0.642,0,0,0
19,business,unpaid,0.605,0.863,0,0,0
27,science,partial,0.511,0.838,1,0,1
18,science,partial,0.83,0.55,0,0,1
21,engineering,unpaid,0.821,0.841,0,0,0
26,engineering,partial,0.889,0.545,0,0,0
18,business,unpaid,0.75,0.878,0,0,0
22,business,paid,0.485,0.959,0,0,0
23,engineering,paid,0.747,0.738,0,0,0
29,engineering,unpaid,0.368,0.816,0,0,0
20,business,unpaid,0.685,0.846,0,1,0
20,engineering,paid,0.69,0.636,0,0,0
26,science,unpaid,0.968,0.936,0,0,0
28,science,partial,0.852,0.628,0,0,1
21,arts,unpaid,0.728,0.933,0,0,1
26,science,unpaid,0.645,0.815,2,0,0
19,science,paid,0.594,0.918,2,0,1
18,science,partial,0.717,0.695,1,0,1
30,science,partial,0.552,0.808,0,0,0
21,business,unpaid,0.747,0.828,0,1,0
25,engineering,paid,0.773,0.867,0,0,0
25,business,partial,0.815,0.81,0,0,0
28,science,partial,0.453,0.904,0,0,0
25,science,unpaid,0.691,0.746,0,0,0
28,engineering,partial,0.547,0.935,0,1,0
22,engineering,partial,0.766,0.785,0,0,0
18,business,partial,0.793,0.975,0,1,0
19,engineering,partial,0.731,0.957,0,0,0
18,engineering,unpaid,0.633,0.594,1,0,1
30,science,partial,0.778,0.915,0,0,0
26,engineering,paid,0.792,0.9,1,0,0
25,business,unpaid,0.764,0.93,0,0,1
19,science,unpaid,0.701,0.692,0,0,0
30,science,paid,0.763,0.941,0,0,0
21,arts,partial,0.49,0.923,0,0,0
28,arts,partial,0.943,0.783,0,1,0
20,science,unpaid,0.775,0.688,0,0,0
27,science,paid,0.794,0.755,0,0,1
19,engineering,unpaid,0.645,0.792,0,1,0
29,arts,unpaid,0.803,0.797,1,0,1
26,arts,partial,0.775,0.78,0,0,0
20,engineering,unpaid,0.491,0.695,0,0,0
21,science,paid,0.738,0.925,0,0,0
26,arts,paid,0.738,0.681,0,0,1
21,science,paid,0.695,0.866,0,0,0
27,arts,partial,0.667,0.981,1,0,0
22,business,unpaid,0.838,0.933,1,0,0
18,business,partial,0.935,0.852,0,0,0
30,science,partial,0.594,0.832,0,1,0
19,arts,partial,0.775,0.908,0,1,0
23,arts,partial,0.736,0.922,0,0,1
24,arts,unpaid,0.572,0.791,1,0,1
22,arts,paid,0.879,0.959,1,0,0
23,business,partial,0.845,0.915,0,0,0
23,business,unpaid,0.534,0.728,1,1,0
18,business,paid,0.83,0.735,2,0,0
22,business,unpaid,0.798,0.846,0,1,0
24,business,unpaid,0.404,0.734,0,0,1
18,science,paid,0.798,0.939,0,0,0
26,science,unpaid,0.798,0.685,0,1,1
25,science,partial,0.551,0.944,0,0,0
22,business,unpaid,0.809,0.608,0,0,0
26,science,partial,0.716,0.76,0,0,1
28,business,paid,0.696,0.66,0,0,0
21,arts,unpaid,0.683,0.885,0,0,1
18,science,paid,0.331,0.644,0,1,1
27,science,paid,0.419,0.833,1,0,1
25,business,unpaid,0.659,0.779,0,0,1
21,science,unpaid,0.824,0.695,0,0,1
22,science,partial,0.732,0.881,2,0,0
23,arts,partial,0.863,0.784,0,0,0
27,engineering,paid,0.618,0.803,0,0,1
19,business,paid,0.899,0.705,0,0,1
23,science,paid,0.586,0.848,0,0,1
20,science,paid,0.828,0.824,1,1,1
23,arts,partial,0.771,0.705,0,1,0
27,arts,paid,0.702,0.901,1,0,1
17,science,partial,0.796,0.761,0,0,1
29,business,unpaid,0.703,0.94,0,0,1
26,science,unpaid,0.721,0.716,0,0,0
30,engineering,partial,0.879,0.813,0,0,0
28,science,partial,0.614,0.732,0,0,0
24,science,unpaid,0.784,0.713,0,0,0
22,engineering,unpaid,0.703,0.769,0,0,0
18,engineering,paid,0.863,0.538,0,0,1
27,business,paid,0.503,0.927,0,0,1
26,engineering,partial,0.95,0.914,1,0,0
24,engineering,unpaid,0.938,0.947,0,0,1
23,engineering,partial,0.907,0.967,0,0,0
29,arts,unpaid,0.571,0.758,1,0,0
20,business,paid,0.805,0.743,0,0,0
23,engineering,partial,0.362,0.75,1,0,1
25,engineering,partial,0.848,0.809,0,1,0
19,business,partial,0.767,0.651,0,0,1
22,science,paid,0.818,0.957,0,1,1
28,arts,unpaid,0.655,0.787,0,0,0
26,science,unpaid,0.951,0.854,0,1,1
17,arts,paid,0.702,0.792,0,0,1
17,arts,paid,0.84,0.868,2,0,1
30,science,unpaid,0.7,0.749,1,0,1
21,arts,partial,0.375,0.872,0,0,0
23,arts,paid,0.724,0.599,0,1,0
26,science,unpaid,0.771,0.831,0,0,1
27,business,partial,0.638,0.924,0,1,0
22,business,unpaid,0.887,0.774,0,1,0
25,engineering,partial,0.771,0.907,0,1,0
19,business,unpaid,0.354,0.753,0,1,0
27,arts,paid,0.799,0.556,0,1,0
26,science,partial,0.302,0.606,0,1,1
30,business,unpaid,0.473,0.645,0,1,1
17,science,unpaid,0.555,0.662,0,0,0
28,business,partial,0.883,0.85,0,0,0
22,business,paid,0.789,0.82,0,0,1
17,science,partial,0.926,0.626,0,0,1
25,engineering,paid,0.66,0.756,0,0,1
19,science,unpaid,0.435,0.89,0,0,0
25,business,unpaid,0.699,0.801,0,1,1
19,business,unpaid,0.434,0.544,0,0,1
18,business,paid,0.751,0.875,0,0,1
19,science,partial,0.56,0.936,0,1,1
22,engineering,unpaid,0.845,0.688,0,0,0
21,engineering,unpaid,0.712,0.786,0,0,1
17,science,partial,0.529,0.559,1,1,0
26,arts,unpaid,0.699,0.666,0,0,0
17,business,paid,0.692,0.631,0,0,0
29,arts,unpaid,0.673,0.911,1,0,1
26,business,unpaid,0.756,0.91,0,0,1
22,arts,unpaid,0.617,0.906,1,1,1
26,engineering,unpaid,0.84,0.575,1,1,0
27,engineering,partial,0.682,0.884,3,1,1
17,science,paid,0.691,0.652,0,1,0
23,business,unpaid,0.631,0.948,0,1,0
27,arts,paid,0.835,0.96,0,0,0
22,business,partial,0.713,0.757,2,0,1
28,science,paid,0.677,0.778,0,0,0
17,arts,paid,0.715,0.907,0,0,0
18,business,unpaid,0.909,0.904,0,0,0
29,business,paid,0.803,0.841,0,0,1
21,business,partial,0.564,0.908,0,0,0
27,business,unpaid,0.637,0.934,0,0,1
28,business,paid,0.789,0.959,0,0,1
26,science,paid,0.858,0.636,1,0,0
17,arts,paid,0.823,0.776,0,1,1
26,science,unpaid,0.477,0.836,0,0,1
23,business,paid,0.927,0.917,0,0,1
28,science,paid,0.964,0.622,0,0,1
28,business,unpaid,0.685,0.813,1,0,0
25,engineering,partial,0.86,0.761,1,0,1
19,business,unpaid,0.61,0.854,0,0,1
25,business,unpaid,0.773,0.807,0,0,0
29,science,unpaid,0.38,0.804,0,1,1
23,business,paid,0.817,0.844,0,0,1
26,arts,partial,0.54,0.683,1,0,0
24,engineering,unpaid,0.473,0.935,0,0,1
20,business,unpaid,0.715,0.603,0,0,0
20,arts,unpaid,0.742,0.939,0,0,0
24,engineering,unpaid,0.785,0.868,0,0,0
24,science,unpaid,0.854,0.835,0,0,1
25,business,unpaid,0.449,0.705,0,1,0
17,science,paid,0.929,0.724,0,0,1
27,arts,paid,0.83,0.867,1,0,1
19,engineering,partial,0.467,0.875,0,0,0
30,science,paid,0.791,0.827,0,0,0
24,engineering,paid,0.796,0.893,0,1,0
30,arts,partial,0.748,0.689,1,0,0
17,science,partial,0.82,0.77,1,1,0
20,science,unpaid,0.587,0.744,0,0,0
23,arts,partial,0.81,0.828,1,1,0
29,engineering,partial,0.814,0.845,0,0,0
22,science,partial,0.763,0.902,0,0,0
25,engineering,unpaid,0.854,0.836,0,0,1
29,business,paid,0.912,0.933,0,0,0
21,science,partial,0.878,0.799,1,0,0
29,arts,partial,0.38,0.837,1,0,1
24,engineering,unpaid,0.906,0.872,0,0,0
21,business,unpaid,0.716,0.83,0,1,0
27,business,paid,0.968,0.789,0,0,0
17,science,partial,0.572,0.914,1,1,1
26,arts,paid,0.726,0.915,0,0,1
29,science,paid,0.28,0.84,1,0,1
30,arts,unpaid,0.778,0.922,0,0,0
27,engineering,paid,0.63,0.824,2,0,1
17,business,paid,0.809,0.622,0,0,1
17,arts,unpaid,0.769,0.732,0,0,1
19,arts,paid,0.592,0.537,0,0,1
24,arts,unpaid,0.947,0.803,1,1,1
24,arts,paid,0.715,0.774,0,0,1
26,business,paid,0.629,0.796,0,0,0
19,engineering,partial,0.784,0.709,0,0,1
18,arts,paid,0.768,0.982,0,0,1
25,business,paid,0.848,0.777,0,0,1
20,engineering,unpaid,0.418,0.725,0,0,0
25,engineering,paid,0.816,0.845,0,0,0
27,engineering,partial,0.82,0.861,0,0,0
20,arts,unpaid,0.979,0.973,0,1,0
18,business,paid,0.426,0.737,0,0,1
22,arts,partial,0.939,0.937,1,0,0
23,engineering,paid,0.651,0.723,0,0,0
25,science,unpaid,0.758,0.725,0,0,0
29,engineering,unpaid,0.812,0.892,0,0,1
26,engineering,partial,0.83,0.737,0,0,0
20,science,partial,0.597,0.914,0,0,0
23,engineering,partial,0.7,0.827,0,0,0
25,arts,unpaid,0.546,0.729,1,0,1
22,engineering,unpaid,0.85,0.738,3,0,1
19,business,partial,0.8,0.709,0,0,0
24,engineering,paid,0.858,0.859,0,0,0
24,science,partial,0.443,0.793,1,0,1
26,science,unpaid,0.826,0.869,0,0,0
25,engineering,partial,0.411,0.554,0,0,1
29,science,paid,0.723,0.76,0,0,1
21,engineering,partial,0.721,0.666,0,0,1
19,arts,paid,0.708,0.829,0,0,1
27,arts,partial,0.971,0.774,0,0,0
21,business,partial,0.87,0.765,0,0,0
21,business,partial,0.735,0.891,1,0,0
24,science,paid,0.781,0.6,0,0,0
30,engineering,unpaid,0.497,0.968,0,0,1
17,arts,partial,0.939,0.746,1,0,0
22,science,paid,0.746,0.9,1,0,1
28,science,partial,0.951,0.771,0,0,1
21,science,partial,0.909,0.658,1,0,1
25,science,unpaid,0.922,0.801,0,0,0
30,engineering,partial,0.812,0.818,0,1,0
29,science,partial,0.873,0.996,0,0,0
29,business,partial,0.689,0.733,0,0,1
27,arts,unpaid,0.684,0.891,1,1,0
21,science,paid,0.591,0.77,0,1,0
19,engineering,paid,0.718,0.718,0,0,0
26,engineering,partial,0.87,0.829,0,0,1
28,engineering,unpaid,0.824,0.728,1,0,1
29,business,paid,0.851,0.769,1,1,0
24,engineering,unpaid,0.512,0.841,0,0,1
18,business,unpaid,0.822,0.836,0,0,0
23,engineering,partial,0.706,0.904,0,1,1
17,business,unpaid,0.842,0.816,0,0,0
20,science,unpaid,0.783,0.704,0,0,1
28,engineering,partial,0.909,0.601,0,0,1
17,business,partial,0.765,0.741,0,0,0
25,engineering,unpaid,0.198,0.664,0,0,1
29,arts,paid,0.815,0.845,2,0,0
18,science,paid,0.887,0.824,0,0,0
27,engineering,partial,0.565,0.569,0,0,1
28,business,paid,0.892,0.851,1,0,0
18,business,unpaid,0.85,0.768,1,0,1
26,arts,partial,0.747,0.525,0,0,0
25,engineering,unpaid,0.817,0.824,0,0,1
21,business,paid,0.882,0.643,0,0,0
22,arts,partial,0.839,0.766,0,0,0
21,business,partial,0.543,0.943,0,0,1
29,business,paid,0.638,0.745,0,0,1
23,arts,paid,0.658,0.581,0,1,1
24,science,paid,0.551,0.713,0,0,0
29,arts,unpaid,0.809,0.849,0,0,0
18,engineering,paid,0.841,0.715,0,0,0
27,arts,partial,0.725,0.539,0,1,1
18,science,partial,0.871,0.8,0,0,0
20,business,paid,0.787,0.806,0,0,0
25,business,partial,0.841,0.861,0,0,1
24,business,unpaid,0.642,0.872,0,0,0
25,engineering,paid,0.9,0.807,0,0,1
29,arts,paid,0.393,0.882,0,1,0
26,engineering,unpaid,0.44,0.55,1,1,1
27,engineering,partial,0.716,0.833,0,0,1
30,science,unpaid,0.751,0.544,1,0,1
30,science,partial,0.653,0.776,0,1,0
24,science,partial,0.61,0.535,0,0,1
30,business,paid,0.908,0.698,0,0,1
20,engineering,partial,0.96,0.828,1,0,1
17,science,paid,0.622,0.926,0,0,0
26,business,unpaid,0.823,0.974,0,0,1
23,science,unpaid,0.687,0.854,0,0,1
19,business,paid,0.904,0.672,0,0,0
21,arts,partial,0.768,0.812,1,0,0
23,engineering,paid,0.83,0.838,1,0,1
18,arts,partial,0.711,0.504,0,1,0
27,arts,paid,0.406,0.682,1,1,0
26,business,partial,0.523,0.96,0,0,1
17,business,paid,0.356,0.682,1,0,1
26,engineering,partial,0.659,0.799,0,0,0
19,science,paid,0.844,0.685,2,0,0
28,arts,partial,0.741,0.772,1,0,1
19,arts,unpaid,0.731,0.811,2,0,1
17,business,paid,0.866,0.393,0,0,1
19,science,unpaid,0.435,0.9,0,0,1
18,engineering,partial,0.626,0.649,0,1,0
22,engineering,partial,0.852,0.892,0,0,0
26,engineering,partial,0.824,0.937,0,0,1
29,science,unpaid,0.823,0.727,0,0,0
18,science,unpaid,0.252,0.862,1,0,1
30,science,partial,0.792,0.849,0,0,1
24,engineering,partial,0.732,0.788,1,1,0
17,engineering,partial,0.893,0.826,0,0,0
24,arts,unpaid,0.702,0.942,0,1,1
21,science,unpaid,0.717,0.591,0,0,1
18,business,paid,0.701,0.941,0,0,1
23,science,paid,0.598,0.732,0,0,1
24,arts,partial,0.772,0.594,0,0,1
21,science,unpaid,0.83,0.88,0,1,1
24,engineering,partial,0.738,0.645,1,0,0
27,business,unpaid,0.779,0.792,1,0,1
18,business,paid,0.815,0.846,0,1,0
18,business,paid,0.469,0.607,1,1,0
23,engineering,unpaid,0.601,0.964,0,0,1
21,engineering,unpaid,0.976,0.935,0,1,1
21,arts,partial,0.683,0.765,0,1,1
20,business,unpaid,0.876,0.969,0,0,0
28,arts,paid,0.854,0.862,0,0,0
19,engineering,paid,0.884,0.945,0,0,0
18,business,paid,0.676,0.893,0,0,0
30,arts,unpaid,0.845,0.935,0,0,1
30,arts,unpaid,0.951,0.927,0,0,0
17,engineering,paid,0.573,0.715,0,0,0
20,science,partial,0.573,0.863,1,1,0
23,science,unpaid,0.653,0.984,0,1,0
21,business,unpaid,0.437,0.837,0,0,1
18,business,paid,0.735,0.889,0,0,0
26,science,paid,0.68,0.974,0,0,0
19,science,partial,0.893,0.981,0,0,0
17,business,partial,0.642,0.829,1,1,0
19,engineering,partial,0.817,0.798,0,0,0
29,engineering,partial,0.776,0.93,0,0,0
29,science,partial,0.883,0.853,1,0,0
18,engineering,paid,0.483,0.6,1,0,0
29,business,partial,0.377,0.83,0,0,1
24,engineering,unpaid,0.75,0.613,1,0,0
21,engineering,unpaid,0.678,0.797,0,0,1
25,science,partial,0.942,0.88,0,1,0
30,engineering,partial,0.661,0.866,0,0,1
27,arts,partial,0.836,0.688,1,1,0
19,science,unpaid,0.978,0.88,0,0,0
23,arts,paid,0.703,0.901,1,0,1
28,science,paid,0.745,0.677,0,0,0
17,business,unpaid,0.934,0.926,0,0,1
23,engineering,unpaid,0.593,0.633,0,1,0
23,arts,paid,0.773,0.79,0,1,0
25,arts,unpaid,0.694,0.898,0,0,0
22,science,partial,0.473,0.752,0,0,0
25,arts,partial,0.63,0.824,1,1,1
24,business,partial,0.846,0.965,0,0,0
27,science,partial,0.697,0.697,0,0,0
23,business,unpaid,0.827,0.803,0,0,1
24,engineering,unpaid,0.39,0.574,1,0,1
29,business,paid,0.87,0.787,1,0,0
19,business,paid,0.693,0.742,0,0,1
30,science,partial,0.768,0.611,0,0,0
18,business,unpaid,0.655,0.883,1,0,1
28,arts,partial,0.74,0.957,1,0,1
18,engineering,unpaid,0.614,0.62,1,0,0
23,arts,partial,0.571,0.815,0,0,1
30,business,unpaid,0.862,0.844,0,0,1
20,science,paid,0.992,0.735,0,0,0
30,engineering,partial,0.669,0.901,0,0,0
24,science,unpaid,0.869,0.956,0,1,0
24,business,paid,0.647,0.816,0,0,0
28,engineering,unpaid,0.898,0.484,0,1,1
20,science,unpaid,0.675,0.829,1,0,1
22,business,paid,0.617,0.903,1,0,0
17,business,partial,0.894,0.907,0,0,0
26,arts,paid,0.605,0.816,2,0,1
29,business,partial,0.649,0.86,1,0,0
21,arts,paid,0.807,0.955,0,0,0
27,arts,paid,0.43,0.907,0,1,1
24,engineering,partial,0.863,0.535,0,1,0
26,engineering,unpaid,0.972,0.442,0,0,1
23,engineering,unpaid,0.729,0.752,0,0,1
19,business,unpaid,0.824,0.891,0,0,1
19,arts,unpaid,0.835,0.821,0,0,1
22,science,paid,0.899,0.638,0,0,0
19,arts,paid,0.651,0.943,1,0,0
30,arts,unpaid,0.924,0.976,0,0,1
23,science,paid,0.523,0.952,0,0,0
19,science,partial,0.661,0.921,1,0,0
28,arts,partial,0.805,0.853,0,0,0
25,business,unpaid,0.629,0.723,0,0,0
20,science,paid,0.855,0.82,0,0,0
27,arts,partial,0.605,0.902,0,0,0
22,science,paid,0.91,0.833,2,0,1
29,business,unpaid,0.549,0.881,0,0,1
30,science,partial,0.71,0.782,0,0,0
29,business,partial,0.684,0.795,0,0,0
19,science,paid,0.545,0.605,0,0,0
24,arts,unpaid,0.867,0.626,1,1,0
27,arts,partial,0.558,0.759,1,1,1
22,engineering,unpaid,0.67,0.768,1,0,0
23,science,partial,0.568,0.766,0,0,1
18,engineering,unpaid,0.759,0.662,0,1,1
24,engineering,partial,0.81,0.698,1,0,0
28,engineering,paid,0.649,0.801,0,0,1
20,business,partial,0.515,0.87,0,0,0
19,arts,partial,0.84,0.835,0,1,0
26,engineering,paid,0.916,0.784,0,1,0
22,science,partial,0.691,0.697,0,1,0
18,engineering,partial,0.705,0.701,0,0,0
30,engineering,partial,0.681,0.715,0,0,0
27,business,paid,0.678,0.928,0,0,0
24,science,paid,0.438,0.933,0,1,0
28,business,paid,0.735,0.938,0,0,1
25,engineering,partial,0.753,0.641,0,0,0
24,engineering,unpaid,0.766,0.709,0,0,1
17,business,paid,0.76,0.367,1,0,1
26,arts,paid,0.785,0.913,0,0,0
29,business,partial,0.799,0.815,1,0,0
20,arts,unpaid,0.577,0.779,0,0,0
22,science,partial,0.278,0.668,0,0,0
21,engineering,paid,0.791,0.788,1,0,0
29,engineering,partial,0.685,0.794,0,0,1
22,arts,paid,0.525,0.963,1,0,0
17,science,paid,0.535,0.915,0,0,0
27,business,paid,0.52,0.864,0,0,0
28,business,paid,0.601,0.905,0,1,1
18,engineering,paid,0.607,0.72,0,1,1
30,science,unpaid,0.334,0.607,1,0,1
23,science,paid,0.866,0.827,0,0,0
18,engineering,partial,0.646,0.992,2,0,1
19,engineering,unpaid,0.739,0.878,0,0,1
19,arts,unpaid,0.606,0.766,0,1,0
21,arts,partial,0.346,0.854,0,0,0
26,science,paid,0.858,0.945,0,0,0
24,business,paid,0.466,0.686,1,0,0
27,science,paid,0.594,0.83,0,0,0
23,engineering,unpaid,0.751,0.707,0,0,0
19,business,paid,0.586,0.958,2,0,0
23,engineering,partial,0.885,0.919,0,0,0
21,science,paid,0.697,0.646,0,0,1
28,science,partial,0.714,0.808,1,0,0
23,business,unpaid,0.973,0.742,0,0,0
24,engineering,partial,0.735,0.886,0,0,0
19,engineering,partial,0.945,0.617,1,0,0
30,arts,unpaid,0.73,0.951,1,1,0
23,engineering,unpaid,0.887,0.77,0,0,1
21,business,paid,0.711,0.618,0,0,1
21,engineering,partial,0.871,0.832,0,0,0
25,business,unpaid,0.406,0.806,0,0,1
20,arts,unpaid,0.736,0.689,0,0,0
30,science,unpaid,0.932,0.858,0,0,0
19,science,unpaid,0.613,0.558,0,0,0
17,arts,paid,0.635,0.639,0,0,0
19,engineering,unpaid,0.647,0.593,1,0,0
21,science,paid,0.384,0.694,0,1,0
30,business,paid,0.536,0.952,0,0,1
23,engineering,paid,0.895,0.801,0,0,0
22,engineering,partial,0.935,0.703,0,0,1
20,business,unpaid,0.614,0.664,1,0,1
17,science,unpaid,0.726,0.703,1,0,0
17,science,partial,0.906,0.669,0,1,0
17,engineering,unpaid,0.863,0.687,0,0,1
27,arts,partial,0.715,0.915,0,0,0
21,business,paid,0.776,0.78,1,1,0
27,business,partial,0.587,0.789,0,0,1
29,engineering,partial,0.77,0.573,0,1,0
20,science,partial,0.622,0.685,1,0,0
25,science,partial,0.895,0.866,0,0,0
28,business,paid,0.876,0.832,1,0,1
23,science,unpaid,0.704,0.849,1,0,1
18,science,partial,0.716,0.702,0,0,0
27,business,paid,0.459,0.894,0,0,0
27,science,paid,0.781,0.848,2,0,0
19,science,unpaid,0.647,0.641,0,0,1
27,arts,unpaid,0.778,0.715,1,0,1
18,business,partial,0.9,0.832,0,0,0
24,engineering,paid,0.832,0.818,1,0,0
30,business,unpaid,0.927,0.931,0,0,1
27,business,partial,0.595,0.86,0,0,1
25,science,unpaid,0.873,0.856,0,0,1
29,science,paid,0.772,0.842,0,0,1
23,science,partial,0.761,0.734,0,0,0
28,science,paid,0.821,0.963,0,0,1
23,business,unpaid,0.982,0.628,1,1,0
27,science,partial,0.807,0.909,0,1,0
21,engineering,paid,0.882,0.588,0,0,0
19,science,partial,0.936,0.941,1,0,0
27,arts,paid,0.808,0.748,1,0,0
20,arts,unpaid,0.524,0.614,0,0,1
17,science,paid,0.884,0.871,0,0,0
19,arts,paid,0.608,0.795,0,1,0
29,arts,unpaid,0.396,0.911,0,0,1
23,business,partial,0.878,0.932,2,0,1
29,science,unpaid,0.634,0.818,2,0,0
30,engineering,unpaid,0.886,0.972,0,1,0
28,arts,unpaid,0.485,0.789,1,0,0
17,science,partial,0.764,0.941,0,1,0
20,business,partial,0.694,0.724,1,1,0
30,engineering,unpaid,0.486,0.84,0,1,1
20,arts,unpaid,0.75,0.839,0,0,1
25,business,partial,0.743,0.958,2,0,0
17,business,unpaid,0.811,0.825,0,0,1
25,business,paid,0.921,0.853,1,0,0
19,engineering,paid,0.878,0.812,0,0,1
21,arts,partial,0.708,0.699,0,0,1
19,science,unpaid,0.606,0.855,2,0,1
30,engineering,partial,0.89,0.777,0,1,0
18,business,unpaid,0.789,0.791,0,0,1
18,science,paid,0.65,0.595,0,0,1
20,business,unpaid,0.91,0.725,0,1,0
22,science,paid,0.674,0.827,0,1,0
18,engineering,paid,0.764,0.783,0,0,0
18,engineering,partial,0.483,0.794,0,0,1
17,arts,unpaid,0.686,0.836,0,0,1
27,science,paid,0.772,0.878,0,0,0
25,business,unpaid,0.944,0.902,0,0,1
27,business,unpaid,0.821,0.689,0,0,1
24,engineering,unpaid,0.591,0.908,1,0,1
19,business,partial,0.741,0.906,2,1,0
17,arts,unpaid,0.787,0.882,1,1,1
23,arts,partial,0.86,0.564,0,0,1
27,arts,paid,0.8,0.9,0,1,0
25,arts,paid,0.848,0.874,0,0,1
22,arts,partial,0.736,0.976,0,0,0
25,engineering,partial,0.723,0.858,0,0,1
19,business,partial,0.504,0.9,3,0,0
27,arts,unpaid,0.724,0.972,0,0,0
19,engineering,paid,0.92,0.974,0,0,0
17,business,partial,0.858,0.776,0,0,0
30,science,unpaid,0.507,0.799,1,0,1
19,science,partial,0.487,0.81,0,0,0
28,engineering,paid,0.869,0.618,0,1,0
27,business,unpaid,0.811,0.935,0,1,1
26,engineering,partial,0.913,0.579,1,0,0
28,science,unpaid,0.743,0.874,1,0,0
26,business,paid,0.819,0.935,3,0,1
30,arts,paid,0.273,0.827,0,0,1
29,science,unpaid,0.835,0.794,0,0,0
17,engineering,paid,0.683,0.642,1,0,1
25,arts,partial,0.686,0.956,1,0,0
17,arts,paid,0.632,0.752,1,0,1
29,business,unpaid,0.761,0.637,0,0,0
23,arts,partial,0.758,0.92,1,0,0
27,business,paid,0.247,0.736,0,0,1
28,business,paid,0.724,0.836,0,0,0
23,business,paid,0.963,0.852,0,0,0
29,business,unpaid,0.86,0.863,0,0,0
27,engineering,unpaid,0.815,0.957,1,0,1
20,arts,unpaid,0.533,0.91,0,0,1
18,arts,paid,0.945,0.596,0,1,0
27,business,unpaid,0.564,0.875,1,0,1
30,engineering,paid,0.347,0.675,0,0,1
21,engineering,paid,0.919,0.751,0,0,0
21,business,unpaid,0.642,0.879,0,0,0
27,arts,unpaid,0.898,0.806,0,1,1
30,science,unpaid,0.351,0.802,1,0,1
24,engineering,partial,0.492,0.66,0,0,1
23,business,unpaid,0.625,0.802,0,1,0
27,business,partial,0.809,0.931,1,0,1
25,arts,unpaid,0.919,0.976,0,0,0
24,science,partial,0.892,0.95,0,1,0
25,science,paid,0.53,0.681,0,1,1
24,engineering,paid,0.864,0.626,0,0,0
23,science,partial,0.629,0.821,0,1,0
25,science,partial,0.597,0.711,0,1,1
24,arts,partial,0.823,0.487,1,0,1
28,arts,partial,0.629,0.821,0,0,1
19,business,unpaid,0.795,0.846,0,0,0
17,business,partial,0.738,0.815,0,0,0
20,arts,partial,0.672,0.611,0,1,1
23,engineering,partial,0.866,0.917,0,1,0
21,arts,partial,0.764,0.935,0,0,0
29,engineering,partial,0.884,0.864,1,0,0
22,science,paid,0.592,0.83,0,0,0
23,arts,paid,0.809,0.77,0,0,0
27,engineering,partial,0.55,0.816,2,0,1
23,science,unpaid,0.938,0.894,0,1,0
19,science,paid,0.898,0.892,0,0,0
27,arts,partial,0.637,0.799,0,0,1
26,business,paid,0.859,0.651,0,0,0
19,arts,partial,0.437,0.885,1,1,0
28,science,partial,0.722,0.771,0,0,1
27,business,partial,0.61,0.851,0,0,0
22,engineering,paid,0.826,0.829,0,1,0
28,science,unpaid,0.632,0.847,0,0,0
23,science,paid,0.48,0.759,0,0,0
25,arts,unpaid,0.529,0.777,0,1,0
19,business,paid,0.873,0.839,0,0,0
25,engineering,partial,0.519,0.41,0,0,0
23,science,unpaid,0.911,0.71,0,0,0
23,science,partial,0.721,0.789,0,0,0
24,engineering,paid,0.786,0.722,0,1,0
18,science,paid,0.707,0.631,0,0,0
18,business,unpaid,0.85,0.764,0,0,1
29,business,partial,0.772,0.918,1,0,0
22,business,paid,0.47,0.604,0,1,1
23,science,paid,0.877,0.744,0,0,1
30,arts,partial,0.442,0.837,0,0,0
27,business,paid,0.78,0.903,0,0,1
18,science,unpaid,0.959,0.711,0,1,0
26,science,unpaid,0.374,0.728,0,0,1
29,business,unpaid,0.784,0.78,0,0,0
30,engineering,paid,0.858,0.98,0,0,0
17,engineering,partial,0.711,0.629,0,0,1
25,business,partial,0.763,0.844,0,0,0
28,business,paid,0.706,0.896,0,0,0
17,arts,unpaid,0.397,0.836,0,0,1
18,science,unpaid,0.685,0.733,0,0,0
19,engineering,paid,0.628,0.689,0,1,0
18,engineering,paid,0.578,0.937,2,0,1
18,business,partial,0.723,0.888,0,0,0
22,science,paid,0.746,0.982,0,0,0
24,arts,partial,0.773,0.616,0,0,0
27,business,paid,0.561,0.674,1,0,1
21,science,unpaid,0.82,0.787,0,0,0
18,business,unpaid,0.787,0.896,0,0,1
20,business,unpaid,0.62,0.754,0,1,1
25,science,unpaid,0.87,0.78,0,0,0
26,business,partial,0.848,0.752,0,0,0
28,engineering,partial,0.894,0.822,0,0,1
17,business,unpaid,0.724,0.971,0,0,0
18,engineering,partial,0.528,0.757,1,0,0
25,business,unpaid,0.683,0.785,0,0,0
23,engineering,unpaid,0.686,0.635,0,0,0
25,science,partial,0.369,0.943,0,1,0
19,arts,unpaid,0.761,0.701,0,0,0
25,engineering,unpaid,0.624,0.844,0,0,0
30,science,paid,0.377,0.559,0,0,0
26,science,paid,0.647,0.882,0,0,0
21,arts,paid,0.806,0.774,0,1,0
27,engineering,paid,0.553,0.803,0,0,0
28,engineering,partial,0.787,0.937,0,1,0
26,business,partial,0.811,0.928,0,0,0
30,arts,partial,0.856,0.926,2,0,0
20,arts,partial,0.629,0.723,0,0,0
24,science,unpaid,0.87,0.821,0,0,1
20,engineering,unpaid,0.96,0.769,0,0,0
26,arts,unpaid,0.618,0.982,0,0,1
17,arts,unpaid,0.926,0.755,0,0,1
27,business,unpaid,0.729,0.7,3,0,1
28,science,unpaid,0.791,0.672,0,1,1
26,science,partial,0.862,0.966,0,1,0
22,arts,partial,0.517,0.814,1,0,1
24,business,unpaid,0.861,0.962,0,0,0
30,business,unpaid,0.585,0.893,0,0,0
17,business,unpaid,0.923,0.909,0,0,1
26,science,paid,0.485,0.792,2,0,1
21,arts,partial,0.6,0.774,0,0,1
19,business,paid,0.812,0.737,0,0,0
18,business,partial,0.884,0.838,0,0,0
25,arts,unpaid,0.934,0.89,0,0,0
29,science,partial,0.743,0.95,1,1,0
25,science,partial,0.508,0.475,0,0,1
19,business,partial,0.677,0.852,0,0,1
18,engineering,unpaid,0.885,0.724,1,0,1
22,science,partial,0.492,0.918,0,0,0
24,business,paid,0.59,0.728,0,1,0
17,business,paid,0.938,0.766,0,0,0
25,business,unpaid,0.711,0.743,1,0,0
22,engineering,partial,0.835,0.755,1,1,0
19,science,unpaid,0.951,0.712,0,1,0
20,business,unpaid,0.624,0.699,0,0,0
20,science,paid,0.353,0.748,0,0,0
29,arts,unpaid,0.693,0.88,0,0,1
20,business,unpaid,0.734,0.758,0,0,1
17,business,paid,0.489,0.567,0,1,1
24,engineering,unpaid,0.543,0.924,0,0,0
26,arts,paid,0.899,0.9,0,0,1
29,engineering,unpaid,0.755,0.815,0,0,1
17,arts,unpaid,0.556,0.769,1,0,0
27,arts,paid,0.766,0.631,0,1,0
25,engineering,partial,0.586,0.713,0,0,0
28,business,unpaid,0.913,0.823,0,0,0
28,science,paid,0.887,0.905,0,0,0
17,arts,paid,0.842,0.919,1,0,1
29,arts,partial,0.911,0.895,0,0,0
26,science,partial,0.929,0.864,0,0,0
25,arts,partial,0.623,0.779,0,1,1
21,business,partial,0.786,0.931,1,1,0
26,engineering,paid,0.343,0.511,0,0,0
30,arts,unpaid,0.808,0.877,0,0,0
30,engineering,paid,0.649,0.904,0,1,0
19,science,paid,0.627,0.942,0,0,0
25,engineering,partial,0.832,0.813,0,0,1
26,science,paid,0.74,0.553,0,0,0
26,business,paid,0.426,0.697,1,1,1
25,engineering,partial,0.713,0.793,0,1,1
25,engineering,partial,0.381,0.786,0,0,1
30,business,partial,0.826,0.784,0,1,0
22,science,paid,0.793,0.501,0,0,0
24,science,partial,0.872,0.818,0,0,0
18,arts,paid,0.832,0.752,2,0,1
29,business,paid,0.7,0.812,0,1,0
25,science,unpaid,0.631,0.837,1,0,0
23,business,unpaid,0.519,0.937,0,1,0
30,arts,paid,0.748,0.945,0,0,1
25,business,partial,0.851,0.955,0,0,0
19,arts,paid,0.862,0.703,0,0,1
18,science,partial,0.716,0.951,0,0,0
29,business,paid,0.825,0.73,0,0,1
22,science,unpaid,0.776,0.795,0,0,0
29,engineering,paid,0.85,0.875,0,0,0
22,arts,partial,0.699,0.972,1,0,0
25,business,paid,0.513,0.66,0,1,0
21,engineering,partial,0.708,0.551,0,1,1
17,science,paid,0.899,0.82,0,1,0
19,science,partial,0.604,0.871,0,0,0
23,business,partial,0.696,0.742,0,1,0
22,engineering,partial,0.902,0.833,0,0,0
20,business,unpaid,0.836,0.805,3,1,1
20,arts,paid,0.786,0.56,1,0,1
26,engineering,partial,0.886,0.921,0,0,0
24,business,paid,0.403,0.573,1,0,0
21,science,unpaid,0.691,0.889,0,0,0
22,business,unpaid,0.829,0.868,0,1,1
23,engineering,unpaid,0.891,0.506,0,0,1
29,business,partial,0.865,0.795,1,0,0
27,arts,paid,0.866,0.605,1,0,0
25,arts,partial,0.782,0.73,0,0,1
18,arts,partial,0.695,0.619,0,0,1
20,business,partial,0.726,0.811,0,1,0
28,science,unpaid,0.954,0.943,1,0,1
17,arts,paid,0.697,0.762,0,1,0
26,engineering,unpaid,0.66,0.961,0,1,0
17,science,unpaid,0.849,0.941,0,0,1
23,business,paid,0.728,0.872,0,0,1
23,engineering,paid,0.919,0.899,0,0,0
20,arts,unpaid,0.987,0.724,0,0,0
26,arts,paid,0.544,0.625,1,0,0
27,business,unpaid,0.676,0.901,1,0,1
21,science,paid,0.705,0.79,0,0,0
17,arts,unpaid,0.84,0.679,0,1,0
26,science,paid,0.677,0.544,0,0,0
18,science,paid,0.777,0.825,0,0,1
21,science,paid,0.756,0.475,0,0,0
24,science,partial,0.627,0.798,0,0,0
26,engineering,unpaid,0.367,0.8,0,0,1
22,science,unpaid,0.857,0.874,1,0,0
28,business,unpaid,0.779,0.883,1,0,1
26,engineering,partial,0.357,0.891,0,0,0
25,business,paid,0.36,0.966,1,0,1
22,arts,unpaid,0.546,0.763,0,1,1
20,engineering,paid,0.621,0.928,1,0,1
26,science,partial,0.987,0.65,0,1,0
18,engineering,unpaid,0.691,0.59,0,0,1
19,engineering,paid,0.866,0.874,0,0,1
26,science,paid,0.752,0.946,0,0,1
18,business,partial,0.764,0.887,0,1,1
18,arts,paid,0.927,0.952,2,0,0
29,science,partial,0.569,0.618,1,1,1
22,science,partial,0.355,0.848,0,0,1
20,science,partial,0.409,0.911,0,1,0
25,engineering,unpaid,0.821,0.913,0,0,0
25,arts,unpaid,0.626,0.524,0,0,1
29,business,paid,0.442,0.718,1,0,0
23,arts,unpaid,0.718,0.852,0,1,1
30,science,unpaid,0.276,0.718,0,0,1
29,arts,unpaid,0.329,0.643,0,0,0
20,arts,paid,0.682,0.822,1,0,1
27,engineering,partial,0.745,0.735,0,1,0
27,science,unpaid,0.626,0.899,0,0,1
29,science,unpaid,0.704,0.755,0,0,1
22,science,paid,0.867,0.887,0,0,0
25,arts,partial,0.766,0.792,1,1,0
19,business,paid,0.65,0.601,0,1,0
20,business,paid,0.581,0.79,0,0,0
23,engineering,paid,0.883,0.784,0,0,0
21,science,unpaid,0.661,0.911,0,0,1
27,engineering,paid,0.692,0.871,0,0,0
25,arts,paid,0.674,0.827,0,0,0
26,engineering,unpaid,0.421,0.781,0,0,1
21,engineering,partial,0.828,0.98,0,0,0
17,engineering,paid,0.521,0.894,0,0,1
30,engineering,partial,0.802,0.822,0,0,1
28,science,paid,0.76,0.804,0,0,1
27,arts,paid,0.753,0.978,0,0,0
24,arts,unpaid,0.683,0.779,1,0,0
26,business,paid,0.711,0.8,0,0,0
28,business,unpaid,0.845,0.865,0,0,1
20,business,paid,0.288,0.79,1,1,0
17,business,paid,0.686,0.871,0,0,0
29,arts,partial,0.594,0.714,0,0,0
25,business,partial,0.874,0.647,0,0,0
25,engineering,unpaid,0.625,0.894,3,0,1
21,arts,unpaid,0.659,0.88,0,0,0
28,science,unpaid,0.585,0.951,0,0,1
24,science,paid,0.69,0.918,0,0,0
19,business,unpaid,0.517,0.765,0,0,0
18,science,unpaid,0.983,0.877,1,0,1
19,business,unpaid,0.671,0.756,0,1,1
29,science,partial,0.537,0.915,1,0,1
23,arts,partial,0.824,0.979,1,0,0
27,science,paid,0.916,0.863,0,0,0
27,science,paid,0.506,0.823,0,0,1
27,arts,partial,0.856,0.601,1,1,1
22,arts,partial,0.552,0.793,0,0,1
27,engineering,unpaid,0.38,0.717,0,0,1
22,science,partial,0.908,0.659,1,0,1
20,arts,partial,0.817,0.888,0,0,0
17,arts,partial,0.885,0.954,0,0,0
24,arts,partial,0.796,0.909,0,0,0
25,engineering,partial,0.899,0.915,0,0,0
30,business,paid,0.721,0.973,0,1,0
27,arts,paid,0.714,0.785,1,0,1
24,business,partial,0.897,0.961,0,0,0
24,engineering,paid,0.732,0.877,0,0,1
27,arts,unpaid,0.598,0.849,0,0,1
26,arts,partial,0.406,0.805,0,1,0
30,arts,partial,0.504,0.664,0,0,1
30,business,paid,0.844,0.897,0,0,0
27,arts,paid,0.748,0.835,0,0,0
20,engineering,unpaid,0.754,0.866,0,0,1
24,science,paid,0.719,0.685,0,1,1
25,arts,partial,0.975,0.564,0,0,1
22,arts,unpaid,0.847,0.89,1,0,1
26,business,partial,0.42,0.908,0,0,0
26,science,partial,0.624,0.885,0,1,0
17,business,partial,0.548,0.607,0,1,0
26,business,partial,0.758,0.951,0,0,0
26,science,partial,0.94,0.715,0,0,0
22,engineering,unpaid,0.531,0.882,1,0,1
20,science,partial,0.581,0.678,0,0,0
30,arts,partial,0.497,0.908,1,0,0
18,business,partial,0.756,0.878,0,0,1
30,engineering,unpaid,0.736,0.833,0,0,0
25,arts,unpaid,0.427,0.782,1,0,0
27,arts,paid,0.671,0.516,1,0,0
25,business,unpaid,0.483,0.859,0,0,0
24,science,partial,0.666,0.83,0,0,0
24,arts,paid,0.774,0.784,0,0,0
25,business,paid,0.782,0.896,0,0,1
21,science,unpaid,0.77,0.813,0,0,1
22,arts,partial,0.738,0.762,0,1,0
20,business,partial,0.713,0.977,0,0,1
24,science,unpaid,0.673,0.592,0,0,0
23,science,partial,0.605,0.81,0,1,0
22,arts,unpaid,0.913,0.725,0,0,1
24,business,paid,0.715,0.971,0,0,0
23,arts,unpaid,0.663,0.904,0,0,0
21,science,paid,0.52,0.932,1,0,0
19,engineering,unpaid,0.511,0.837,0,0,1
27,engineering,paid,0.682,0.832,1,1,0
30,engineering,paid,0.394,0.714,0,0,1
30,science,paid,0.743,0.819,0,0,0
24,arts,paid,0.327,0.576,1,0,0
26,arts,paid,0.477,0.839,0,0,1
22,arts,unpaid,0.743,0.83,0,0,1
24,science,partial,0.902,0.788,0,0,0
21,engineering,unpaid,0.884,0.898,0,0,1
17,science,unpaid,0.434,0.531,0,0,1
22,science,paid,0.375,0.862,1,0,1
26,engineering,unpaid,0.686,0.814,0,1,0
22,science,paid,0.846,0.517,1,0,1
19,engineering,unpaid,0.884,0.746,0,0,1
24,business,unpaid,0.591,0.733,0,0,0
30,business,paid,0.763,0.92,0,0,1
30,science,paid,0.454,0.787,1,0,1
22,engineering,paid,0.938,0.366,0,0,0
27,arts,paid,0.906,0.845,0,0,0
26,arts,unpaid,0.932,0.834,1,0,0
29,business,partial,0.566,0.821,0,0,0
18,business,partial,0.495,0.931,1,1,0
25,engineering,partial,0.928,0.772,0,0,0
17,science,partial,0.525,0.919,0,0,0
26,arts,unpaid,0.708,0.948,0,0,0
21,arts,partial,0.685,0.587,0,0,0
26,engineering,unpaid,0.677,0.437,0,1,1
17,engineering,paid,0.747,0.838,0,0,0
27,science,partial,0.963,0.823,0,0,0
28,science,unpaid,0.519,0.638,0,1,1
29,science,paid,0.519,0.822,1,0,1
22,engineering,unpaid,0.82,0.716,0,0,0
30,arts,paid,0.605,0.687,0,0,1
18,science,partial,0.659,0.659,0,0,0
29,business,unpaid,0.722,0.859,0,0,0
28,engineering,unpaid,0.551,0.747,0,0,1
22,engineering,paid,0.82,0.923,1,0,0
27,arts,unpaid,0.759,0.964,0,0,1
25,science,partial,0.801,0.898,0,0,1
18,engineering,paid,0.607,0.811,1,0,0
29,business,unpaid,0.687,0.928,0,1,0
24,engineering,paid,0.759,0.875,0,0,0
19,business,paid,0.73,0.719,0,0,0
17,arts,unpaid,0.662,0.809,0,0,0
30,arts,unpaid,0.433,0.629,1,1,1
20,science,paid,0.68,0.528,0,0,0
23,business,paid,0.705,0.831,0,1,0
29,arts,unpaid,0.751,0.875,0,0,0
27,science,unpaid,0.668,0.695,1,1,1
24,business,partial,0.805,0.56,0,0,1
27,arts,unpaid,0.934,0.859,0,1,0
29,engineering,unpaid,0.783,0.754,1,0,0
29,business,paid,0.834,0.698,0,0,0
28,engineering,partial,0.467,0.813,1,0,1
23,arts,paid,0.92,0.827,0,0,0
17,business,unpaid,0.823,0.868,1,0,1
26,science,partial,0.381,0.957,0,0,0
21,engineering,unpaid,0.633,0.784,1,0,0
26,business,partial,0.347,0.933,0,0,0
24,science,paid,0.811,0.795,0,1,1
27,business,unpaid,0.767,0.801,1,0,1
30,science,partial,0.608,0.787,1,0,0
17,arts,unpaid,0.819,0.906,0,0,1
23,science,paid,0.679,0.77,1,0,1
26,business,paid,0.461,0.891,0,0,1
21,engineering,paid,0.77,0.744,0,0,0
27,business,paid,0.883,0.721,1,1,0
30,science,unpaid,0.431,0.903,0,0,1
29,arts,unpaid,0.734,0.964,0,0,0
27,science,partial,0.807,0.917,0,0,1
18,business,paid,0.811,0.718,0,1,0
17,engineering,paid,0.877,0.751,0,0,0
18,business,partial,0.895,0.85,1,0,1
29,business,partial,0.617,0.968,0,0,1
21,engineering,paid,0.806,0.833,0,0,0
27,engineering,paid,0.586,0.841,0,0,0
17,science,partial,0.624,0.764,0,0,0
30,science,paid,0.975,0.592,0,0,0
21,engineering,paid,0.485,0.927,1,0,0
27,business,unpaid,0.516,0.564,0,0,1
29,engineering,unpaid,0.489,0.676,0,0,1
24,business,partial,0.802,0.646,0,0,0
25,engineering,partial,0.487,0.965,1,0,0
21,science,partial,0.431,0.888,0,0,1
18,engineering,unpaid,0.818,0.913,0,0,1
17,arts,unpaid,0.68,0.812,0,0,0
25,arts,unpaid,0.455,0.82,0,0,1
23,science,paid,0.801,0.79,0,1,0
23,arts,partial,0.694,0.955,1,1,0
30,business,partial,0.481,0.975,0,0,1
24,science,paid,0.695,0.641,0,0,1
25,engineering,paid,0.857,0.906,0,0,1
18,science,partial,0.806,0.915,0,0,0
25,science,partial,0.868,0.766,0,1,0
26,science,paid,0.807,0.886,0,0,1
21,business,partial,0.935,0.911,0,0,0
28,arts,unpaid,0.538,0.94,3,1,0
25,science,unpaid,0.931,0.547,0,0,1
18,arts,partial,0.85,0.384,2,0,0
28,engineering,paid,0.823,0.93,1,0,1
30,business,paid,0.665,0.664,3,1,1
21,science,partial,0.874,0.91,0,0,1
28,science,partial,0.782,0.647,0,0,0
22,science,partial,0.641,0.942,0,1,0
22,science,unpaid,0.369,0.781,0,0,1
30,arts,partial,0.429,0.959,0,0,0
28,business,unpaid,0.665,0.738,0,1,1
21,arts,partial,0.637,0.882,0,1,1
23,business,paid,0.574,0.679,0,0,1
26,science,partial,0.842,0.809,0,0,0
27,business,unpaid,0.736,0.779,1,0,1
21,science,unpaid,0.533,0.938,0,0,1
22,arts,partial,0.685,0.888,0,0,1
20,science,partial,0.758,0.894,0,1,0
25,science,partial,0.945,0.679,0,0,0
19,engineering,unpaid,0.733,0.875,0,1,1
20,arts,unpaid,0.777,0.937,0,0,1
29,arts,unpaid,0.793,0.839,0,0,0
30,engineering,unpaid,0.946,0.915,1,0,0
28,science,unpaid,0.776,0.883,1,1,1
29,arts,partial,0.684,0.952,0,0,1
25,business,unpaid,0.983,0.834,0,0,0
21,engineering,partial,0.375,0.941,1,0,0
27,science,paid,0.84,0.818,0,1,0
22,business,paid,0.949,0.812,0,0,0
26,business,unpaid,0.271,0.837,0,1,1
27,arts,unpaid,0.696,0.96,0,1,0
18,science,partial,0.629,0.739,0,0,1
17,engineering,partial,0.779,0.583,0,0,1
20,science,unpaid,0.682,0.656,0,0,1
23,science,unpaid,0.954,0.7,0,0,0
27,science,unpaid,0.331,0.73,0,0,1
25,engineering,partial,0.798,0.833,0,0,1
30,engineering,paid,0.244,0.966,1,1,1
26,arts,unpaid,0.554,0.723,0,1,1
30,business,paid,0.368,0.775,0,0,0
29,engineering,unpaid,0.908,0.582,0,0,1
30,science,partial,0.875,0.818,0,0,0
28,science,paid,0.714,0.654,0,1,0
25,engineering,paid,0.669,0.567,0,0,1
29,business,paid,0.583,0.837,0,0,1
23,arts,partial,0.679,0.767,0,0,0
23,business,partial,0.919,0.708,0,0,1
24,science,unpaid,0.955,0.671,0,1,0
18,arts,partial,0.456,0.418,0,1,0
23,engineering,partial,0.54,0.877,0,0,1
23,engineering,partial,0.85,0.529,0,1,1
28,science,paid,0.704,0.616,0,0,0
25,engineering,unpaid,0.723,0.913,0,0,1
29,arts,partial,0.454,0.931,0,0,0
25,business,partial,0.744,0.879,0,1,0
18,science,paid,0.727,0.81,0,0,1
18,science,partial,0.852,0.823,0,0,1
23,science,paid,0.663,0.903,0,0,1
24,science,unpaid,0.842,0.71,1,0,1
26,science,partial,0.839,0.82,0,0,0
27,engineering,partial,0.789,0.878,0,0,0
21,engineering,unpaid,0.977,0.883,0,1,1
29,engineering,paid,0.704,0.878,0,0,1
29,business,unpaid,0.704,0.763,0,0,0
20,engineering,unpaid,0.546,0.614,0,0,1
26,arts,unpaid,0.516,0.705,0,0,1
17,arts,unpaid,0.927,0.692,0,0,1
27,arts,unpaid,0.755,0.887,0,0,1
29,arts,partial,0.71,0.775,0,0,1
17,science,partial,0.67,0.808,0,0,1
29,arts,partial,0.62,0.773,0,1,0
29,arts,paid,0.57,0.932,1,0,0
25,science,partial,0.558,0.681,0,0,0
30,engineering,unpaid,0.918,0.552,0,0,0
29,arts,partial,0.415,0.867,0,1,0
28,science,partial,0.706,0.425,1,1,0
19,engineering,unpaid,0.937,0.651,1,0,1
17,arts,paid,0.703,0.73,0,1,0
30,business,unpaid,0.561,0.861,1,0,1
23,engineering,unpaid,0.586,0.863,0,0,0
27,engineering,unpaid,0.656,0.915,0,0,0
19,arts,partial,0.791,0.864,0,0,0
24,business,paid,0.505,0.652,0,1,0
18,science,paid,0.844,0.933,1,1,0
30,business,unpaid,0.7,0.626,1,0,0
28,science,unpaid,0.915,0.695,0,0,0
20,business,unpaid,0.555,0.744,0,0,0
19,science,unpaid,0.252,0.687,1,0,0
23,science,unpaid,0.802,0.631,0,0,1
29,engineering,partial,0.94,0.738,0,0,0
29,business,partial,0.59,0.776,0,1,0
30,arts,unpaid,0.804,0.842,0,1,0
18,business,unpaid,0.503,0.844,0,0,0
21,engineering,unpaid,0.808,0.849,1,0,1
25,arts,partial,0.962,0.937,1,0,0
20,engineering,paid,0.685,0.865,0,0,0
24,business,paid,0.641,0.811,3,1,1
30,arts,partial,0.555,0.874,0,0,1
26,arts,unpaid,0.655,0.893,0,0,1
28,science,partial,0.803,0.814,0,1,0
29,arts,unpaid,0.632,0.8,0,0,0
30,science,partial,0.904,0.731,0,0,1
19,arts,partial,0.868,0.896,0,0,1
23,arts,unpaid,0.902,0.74,0,0,0
25,arts,partial,0.922,0.811,0,0,0
17,business,paid,0.602,0.835,1,0,0
27,arts,partial,0.708,0.612,0,0,0
18,science,unpaid,0.925,0.951,0,1,1
18,engineering,partial,0.807,0.557,0,0,1
29,engineering,partial,0.78,0.67,0,0,1
22,arts,paid,0.76,0.79,0,0,0
20,science,unpaid,0.698,0.718,0,0,1
18,science,partial,0.659,0.875,1,1,1
24,science,partial,0.9,0.914,0,0,1
24,science,partial,0.9,0.803,0,0,0
25,arts,paid,0.712,0.933,0,1,1
26,engineering,paid,0.468,0.779,0,0,0
19,business,paid,0.584,0.908,0,0,0
19,business,paid,0.57,0.896,0,0,1
19,business,paid,0.844,0.77,0,0,0
20,science,unpaid,0.933,0.916,0,0,0
29,science,unpaid,0.404,0.895,0,0,0
19,engineering,unpaid,0.714,0.816,0,0,0
24,engineering,partial,0.953,0.636,0,1,0
21,business,unpaid,0.836,0.845,0,0,0
30,engineering,unpaid,0.728,0.829,0,0,0
27,science,unpaid,0.98,0.861,2,1,0
22,arts,partial,0.776,0.609,0,1,0
28,engineering,unpaid,0.473,0.937,0,1,1
25,arts,partial,0.889,0.718,0,0,0
28,engineering,partial,0.71,0.916,0,1,0
20,business,partial,0.619,0.941,1,0,1
20,engineering,partial,0.686,0.965,0,0,0
22,engineering,paid,0.771,0.812,0,1,0
24,arts,unpaid,0.648,0.789,1,1,1
23,business,unpaid,0.854,0.967,0,1,0
29,science,paid,0.478,0.936,0,1,0
26,arts,paid,0.761,0.948,0,0,1
25,arts,paid,0.692,0.554,0,1,0
24,business,unpaid,0.671,0.775,1,1,1
23,business,unpaid,0.55,0.92,1,0,1
27,arts,partial,0.519,0.972,0,0,0
20,business,partial,0.904,0.826,0,0,0
28,business,unpaid,0.776,0.939,0,0,1
29,engineering,paid,0.984,0.77,0,1,0
21,science,paid,0.626,0.868,2,0,1
25,business,unpaid,0.512,0.922,1,0,1
25,arts,unpaid,0.705,0.785,0,0,1
26,arts,paid,0.583,0.961,0,1,1
20,arts,unpaid,0.322,0.9,0,1,1
18,business,paid,0.916,0.622,0,0,0
30,science,partial,0.752,0.889,0,0,1
22,arts,unpaid,0.67,0.808,0,0,1
29,business,unpaid,0.545,0.8,0,0,1
26,science,partial,0.903,0.778,1,0,1
29,science,paid,0.668,0.63,1,0,1
18,engineering,partial,0.536,0.795,0,0,1
25,business,unpaid,0.832,0.876,1,0,0
24,business,partial,0.471,0.966,0,0,0
24,science,partial,0.792,0.864,0,0,0
26,engineering,unpaid,0.746,0.39,0,1,0
28,engineering,unpaid,0.732,0.912,1,0,0
17,science,unpaid,0.582,0.946,0,0,1
28,business,paid,0.676,0.939,0,0,1
20,science,paid,0.923,0.879,1,0,0
22,science,paid,0.887,0.872,0,0,0
30,science,partial,0.887,0.493,1,0,0
28,business,partial,0.726,0.641,0,0,1
30,business,unpaid,0.853,0.958,0,0,1
17,arts,unpaid,0.769,0.764,1,1,1
30,science,partial,0.754,0.88,2,0,1
22,engineering,paid,0.541,0.958,1,0,0
26,engineering,unpaid,0.309,0.677,1,0,1
28,science,paid,0.664,0.683,1,0,0
25,engineering,paid,0.347,0.879,0,0,0
18,science,partial,0.876,0.735,0,0,0
29,engineering,partial,0.835,0.833,1,0,0
20,arts,unpaid,0.719,0.812,0,0,1
18,arts,unpaid,0.631,0.878,0,0,1
27,business,paid,0.739,0.776,0,0,1
25,business,paid,0.799,0.87,0,0,0
30,business,partial,0.833,0.738,0,0,1
26,engineering,partial,0.752,0.854,0,0,0
18,arts,paid,0.598,0.801,0,1,0
27,science,unpaid,0.797,0.739,0,1,1
19,business,unpaid,0.84,0.743,0,0,0
17,arts,partial,0.729,0.71,0,0,0
21,engineering,unpaid,0.767,0.927,0,0,1
25,engineering,paid,0.835,0.696,1,0,1
23,arts,partial,0.669,0.726,1,0,0
17,engineering,paid,0.707,0.882,0,0,0
23,arts,unpaid,0.712,0.863,0,0,1
25,science,paid,0.579,0.755,1,0,1
20,engineering,unpaid,0.732,0.726,2,0,1
24,business,paid,0.918,0.836,0,0,1
30,science,unpaid,0.875,0.698,0,0,1
23,arts,partial,0.789,0.701,0,0,0
25,engineering,paid,0.884,0.73,0,0,0
24,science,paid,0.741,0.695,0,1,0
19,engineering,paid,0.726,0.904,0,0,0
20,business,partial,0.848,0.743,2,1,0
27,business,paid,0.827,0.805,0,1,0
26,science,paid,0.688,0.836,2,0,1
24,arts,paid,0.798,0.87,1,0,0
30,engineering,unpaid,0.813,0.708,0,0,1
20,arts,partial,0.926,0.844,0,0,0
22,business,unpaid,0.628,0.901,0,1,0
19,arts,unpaid,0.891,0.727,0,0,1
23,arts,partial,0.52,0.652,0,0,1
19,science,paid,0.376,0.84,0,0,0
21,engineering,paid,0.907,0.877,0,0,0
17,arts,paid,0.689,0.811,0,0,0
22,science,partial,0.507,0.686,0,0,1
26,science,partial,0.813,0.609,1,0,1
22,arts,paid,0.852,0.518,0,0,0
27,business,unpaid,0.714,0.834,0,0,1
30,engineering,paid,0.912,0.786,0,0,0
27,business,unpaid,0.867,0.921,0,0,1
26,engineering,unpaid,0.336,0.512,0,0,1
25,business,paid,0.599,0.518,0,0,0
28,arts,unpaid,0.792,0.864,0,0,1
25,science,partial,0.573,0.929,1,0,0
22,engineering,paid,0.659,0.811,0,0,0
20,science,partial,0.769,0.676,0,0,0
24,engineering,paid,0.659,0.962,2,0,1
26,science,unpaid,0.847,0.771,0,0,1
26,engineering,unpaid,0.715,0.907,1,1,0
18,engineering,partial,0.477,0.846,0,0,1
19,business,paid,0.736,0.99,1,1,1
25,science,unpaid,0.821,0.783,0,0,1
27,science,partial,0.271,0.762,1,0,0
17,arts,partial,0.384,0.872,0,1,0
26,engineering,paid,0.896,0.773,0,0,0
19,engineering,paid,0.769,0.558,0,0,1
27,business,paid,0.578,0.829,0,0,1
27,engineering,paid,0.599,0.932,0,0,1
22,science,unpaid,0.627,0.746,0,1,1
23,business,unpaid,0.761,0.886,0,0,1
25,science,partial,0.577,0.893,0,0,1
26,science,paid,0.706,0.615,1,0,1
29,arts,partial,0.553,0.687,2,0,1
28,engineering,partial,0.625,0.762,0,0,0
25,engineering,unpaid,0.967,0.652,0,1,0
20,arts,paid,0.766,0.755,1,0,1
29,business,partial,0.479,0.649,0,0,1
29,engineering,partial,0.728,0.961,0,0,0
26,science,unpaid,0.788,0.773,0,0,1
30,arts,paid,0.676,0.719,1,0,0
17,arts,paid,0.489,0.488,1,0,0
17,science,paid,0.206,0.876,0,0,1
28,science,unpaid,0.655,0.687,1,0,0
20,engineering,partial,0.634,0.517,1,0,1
18,arts,paid,0.842,0.914,0,0,0
20,engineering,unpaid,0.571,0.702,0,0,1
21,arts,unpaid,0.967,0.757,1,0,0
20,engineering,paid,0.816,0.819,0,0,0
30,science,partial,0.657,0.924,0,0,0
21,business,paid,0.745,0.643,1,1,1
19,business,paid,0.722,0.928,0,0,0
30,business,unpaid,0.493,0.564,0,0,1
26,engineering,paid,0.37,0.942,2,0,1
24,business,partial,0.765,0.816,0,1,0
29,business,unpaid,0.69,0.922,2,0,0
17,engineering,partial,0.788,0.819,2,0,1
24,engineering,partial,0.872,0.731,0,0,0
25,science,unpaid,0.507,0.853,1,0,1
30,business,paid,0.776,0.733,0,0,0
17,science,unpaid,0.902,0.844,0,0,0
20,arts,partial,0.647,0.602,3,0,0
23,arts,partial,0.576,0.496,0,0,0
20,engineering,unpaid,0.964,0.879,0,0,1
20,engineering,paid,0.61,0.952,0,0,0
29,engineering,paid,0.899,0.945,1,0,0
20,engineering,paid,0.806,0.753,0,0,0
20,engineering,partial,0.537,0.755,0,0,1
27,business,partial,0.887,0.946,1,0,1
19,arts,paid,0.767,0.81,0,0,1
28,engineering,unpaid,0.932,0.731,0,0,0
18,science,paid,0.574,0.867,0,1,0
20,business,paid,0.821,0.758,0,1,0
25,science,unpaid,0.675,0.843,0,0,0
28,business,partial,0.493,0.916,0,0,0
28,engineering,unpaid,0.65,0.773,0,0,0
23,business,paid,0.731,0.847,1,1,0
29,engineering,paid,0.759,0.926,0,0,0
20,arts,unpaid,0.893,0.898,0,0,0
19,engineering,partial,0.737,0.666,0,0,0
21,engineering,partial,0.699,0.824,0,0,0
24,business,partial,0.798,0.788,0,0,0
20,business,paid,0.6,0.776,1,1,0
20,science,paid,0.75,0.674,0,0,1
18,business,paid,0.835,0.793,2,0,1
28,business,unpaid,0.893,0.842,1,0,0
30,business,unpaid,0.593,0.589,0,0,1
21,arts,partial,0.911,0.675,0,0,1
25,business,unpaid,0.886,0.802,0,1,0
30,science,paid,0.703,0.885,1,0,1
20,arts,paid,0.885,0.794,1,1,1
30,engineering,partial,0.494,0.862,0,0,0
30,engineering,paid,0.873,0.989,0,0,0
19,business,unpaid,0.695,0.806,1,0,0
18,engineering,partial,0.903,0.914,0,0,1
17,engineering,unpaid,0.74,0.907,1,0,1
30,science,unpaid,0.777,0.751,0,0,0
27,business,paid,0.71,0.975,0,0,0
21,arts,unpaid,0.514,0.83,0,0,0
17,arts,partial,0.673,0.589,2,1,0
25,science,paid,0.879,0.863,0,0,0
24,arts,unpaid,0.888,0.877,0,0,0
23,business,paid,0.888,0.665,1,1,0
24,engineering,paid,0.542,0.78,0,1,0
23,science,unpaid,0.809,0.85,1,0,1
22,business,partial,0.588,0.813,1,0,1
30,engineering,unpaid,0.75,0.86,0,1,1
21,engineering,unpaid,0.73,0.648,0,0,0
23,arts,unpaid,0.843,0.783,0,0,0
28,science,paid,0.834,0.805,0,0,1
20,engineering,partial,0.84,0.652,1,0,1
22,arts,paid,0.601,0.726,1,1,1
30,business,partial,0.881,0.57,1,0,1
28,business,partial,0.692,0.749,0,0,1
30,business,partial,0.716,0.968,0,0,1
25,science,partial,0.697,0.754,0,1,0
20,arts,paid,0.359,0.797,1,0,1
26,arts,paid,0.535,0.55,0,1,0
20,engineering,paid,0.712,0.776,1,0,0
26,engineering,paid,0.732,0.912,0,0,0
26,science,partial,0.793,0.729,0,0,0
20,business,partial,0.812,0.7,0,0,0
20,engineering,unpaid,0.778,0.787,0,0,0
29,business,paid,0.875,0.963,1,0,0
21,science,partial,0.661,0.877,0,0,0
21,science,partial,0.71,0.853,1,0,0
18,engineering,paid,0.591,0.767,0,0,1
25,arts,unpaid,0.781,0.787,0,1,0
25,business,unpaid,0.771,0.786,0,0,1
22,engineering,paid,0.866,0.866,0,0,0
22,business,paid,0.949,0.885,0,1,0
23,engineering,unpaid,0.712,0.938,2,1,1
21,arts,partial,0.64,0.955,1,0,0
19,science,unpaid,0.921,0.399,1,0,1
21,engineering,unpaid,0.694,0.922,0,0,0
18,business,partial,0.659,0.867,0,0,0
22,arts,paid,0.278,0.922,0,1,1
18,science,partial,0.76,0.79,0,0,0
27,arts,paid,0.81,0.864,0,0,1
28,science,paid,0.883,0.75,0,0,0
21,arts,paid,0.842,0.576,0,0,0
17,engineering,paid,0.806,0.8,1,1,1
22,arts,paid,0.673,0.808,0,0,0
24,arts,partial,0.901,0.751,1,0,1
30,business,unpaid,0.75,0.898,0,0,1
18,engineering,unpaid,0.673,0.556,0,0,1
21,business,paid,0.482,0.656,0,0,1
28,engineering,paid,0.758,0.729,0,0,0
26,arts,unpaid,0.374,0.706,0,0,1
26,science,paid,0.491,0.918,0,0,0
25,engineering,partial,0.705,0.883,0,0,1
21,engineering,paid,0.85,0.929,0,0,0
22,science,paid,0.659,0.715,1,0,0
18,arts,unpaid,0.692,0.846,1,0,0
24,science,unpaid,0.863,0.877,0,0,0
24,science,partial,0.792,0.871,1,0,1
22,engineering,partial,0.47,0.92,0,0,1
19,science,paid,0.557,0.964,0,0,1
27,business,paid,0.599,0.824,0,0,0
29,arts,partial,0.718,0.884,0,0,0
22,business,partial,0.801,0.784,0,0,1
22,arts,paid,0.773,0.836,0,0,0
18,arts,unpaid,0.576,0.88,0,1,0
25,business,partial,0.937,0.613,0,0,0
25,science,unpaid,0.928,0.757,0,1,1
17,science,paid,0.857,0.911,0,0,1
25,engineering,partial,0.618,0.7,0,0,0
19,science,paid,0.792,0.647,0,0,0
25,science,paid,0.699,0.762,0,0,1
25,arts,unpaid,0.856,0.887,0,1,0
20,engineering,partial,0.787,0.908,0,0,0
26,business,partial,0.876,0.94,0,0,1
18,science,partial,0.616,0.83,0,0,0
21,business,partial,0.863,0.741,0,0,1
27,business,paid,0.848,0.926,0,0,1
19,engineering,partial,0.754,0.515,1,0,0
26,arts,paid,0.561,0.777,0,0,0
28,business,paid,0.878,0.578,0,0,0
21,science,unpaid,0.801,0.831,0,0,1
19,business,unpaid,0.856,0.912,0,0,1
30,arts,paid,0.704,0.817,0,0,0
26,engineering,paid,0.435,0.925,0,0,1
17,arts,partial,0.786,0.933,0,1,1
24,engineering,paid,0.707,0.776,1,0,1
17,science,partial,0.755,0.564,4,0,1
19,arts,paid,0.908,0.576,1,0,0
19,arts,unpaid,0.749,0.941,0,0,1
19,business,unpaid,0.859,0.781,2,1,0
30,business,unpaid,0.724,0.756,0,0,1
28,engineering,unpaid,0.861,0.781,1,0,1
29,business,unpaid,0.543,0.654,0,0,1
27,arts,unpaid,0.753,0.831,0,0,0
19,arts,partial,0.861,0.639,0,0,1
27,business,paid,0.84,0.551,0,0,1
20,science,paid,0.924,0.934,0,1,0
24,engineering,paid,0.622,0.848,0,0,0
24,arts,unpaid,0.82,0.924,0,0,0
28,arts,paid,0.675,0.926,0,1,1
25,science,paid,0.882,0.701,0,1,0
25,business,unpaid,0.866,0.86,0,0,1
27,arts,paid,0.839,0.537,1,0,0
28,business,unpaid,0.818,0.747,1,0,0
30,arts,partial,0.634,0.875,0,0,1
19,engineering,paid,0.718,0.676,1,0,1
18,arts,unpaid,0.575,0.905,0,0,0
26,arts,paid,0.767,0.69,0,1,0
18,business,paid,0.75,0.648,0,0,0
30,business,unpaid,0.758,0.958,0,0,1
19,science,unpaid,0.766,0.791,0,0,0
23,engineering,partial,0.781,0.779,0,0,0
30,business,partial,0.86,0.882,1,0,1
18,arts,paid,0.712,0.903,0,0,1
20,science,unpaid,0.83,0.703,0,0,1
26,science,unpaid,0.53,0.591,0,0,1
21,business,paid,0.883,0.754,0,0,0
21,business,paid,0.768,0.514,0,1,1
29,arts,partial,0.787,0.921,1,0,0
24,business,unpaid,0.886,0.873,1,0,0
28,business,paid,0.808,0.876,0,0,0
23,arts,unpaid,0.66,0.675,0,0,1
18,engineering,unpaid,0.897,0.897,2,0,1
19,science,unpaid,0.529,0.667,0,0,1
29,engineering,paid,0.576,0.618,0,1,0
28,business,unpaid,0.291,0.781,1,0,1
24,arts,unpaid,0.358,0.724,0,0,1
22,engineering,partial,0.421,0.98,1,0,0
26,arts,partial,0.588,0.816,0,0,1
26,engineering,paid,0.823,0.756,1,1,1
19,business,partial,0.69,0.839,0,0,0
29,arts,unpaid,0.623,0.898,0,0,0
29,engineering,unpaid,0.629,0.92,0,0,1
29,business,partial,0.704,0.583,0,0,1
28,engineering,partial,0.762,0.727,0,1,0
17,arts,paid,0.539,0.647,0,1,0
24,engineering,partial,0.899,0.737,0,0,1
27,business,paid,0.564,0.857,1,0,1
29,engineering,paid,0.417,0.803,0,0,1
23,science,partial,0.706,0.681,0,0,0
19,science,paid,0.487,0.8,0,0,0
17,science,partial,0.866,0.861,0,0,0
20,science,partial,0.881,0.965,1,0,1
17,science,paid,0.819,0.868,0,0,1
23,science,unpaid,0.749,0.784,0,0,0
29,arts,paid,0.584,0.87,0,1,0
18,science,paid,0.686,0.654,0,0,1
24,engineering,partial,0.802,0.804,0,0,0
22,engineering,partial,0.445,0.919,0,0,0
20,business,paid,0.634,0.534,1,0,1
30,engineering,partial,0.898,0.875,0,0,0
17,arts,partial,0.532,0.702,1,1,0
20,arts,unpaid,0.872,0.647,0,1,0
21,engineering,unpaid,0.888,0.799,0,0,1
25,engineering,partial,0.909,0.876,1,0,1
29,science,unpaid,0.681,0.706,0,0,0
29,engineering,partial,0.456,0.858,0,0,1
22,arts,unpaid,0.869,0.725,1,0,1
27,science,paid,0.677,0.73,0,0,0
17,engineering,paid,0.797,0.791,0,0,1
21,business,paid,0.887,0.831,0,0,0
27,arts,partial,0.784,0.606,1,0,1
25,business,unpaid,0.88,0.79,0,0,0
21,business,partial,0.882,0.882,0,0,0
29,arts,paid,0.367,0.887,0,0,0
21,engineering,partial,0.848,0.76,1,0,1
29,science,paid,0.753,0.685,0,0,1
27,engineering,partial,0.861,0.413,0,0,0
17,engineering,partial,0.54,0.84,2,1,1
23,engineering,partial,0.466,0.949,1,0,0
30,science,paid,0.841,0.97,0,0,0
29,engineering,paid,0.872,0.802,0,0,0
21,arts,paid,0.884,0.89,1,0,0
20,business,paid,0.857,0.533,0,0,0
23,science,paid,0.651,0.82,1,0,0
29,business,partial,0.659,0.887,0,0,0
30,science,partial,0.587,0.73,0,0,1
26,business,paid,0.372,0.744,1,0,0
23,science,paid,0.764,0.766,0,0,0
30,business,partial,0.902,0.835,0,0,0
23,business,paid,0.834,0.699,1,1,1
21,science,paid,0.79,0.926,0,0,1
17,business,partial,0.623,0.631,0,0,1
18,science,partial,0.554,0.823,0,0,1
23,arts,partial,0.827,0.895,0,0,0
23,engineering,paid,0.769,0.918,1,0,1
29,engineering,paid,0.456,0.662,1,0,0
30,business,unpaid,0.775,0.838,1,0,1
25,science,unpaid,0.732,0.545,1,0,1
17,arts,unpaid,0.901,0.847,0,0,0
24,engineering,partial,0.626,0.92,0,0,0
25,science,unpaid,0.819,0.825,2,0,0
19,science,unpaid,0.644,0.832,0,0,0
26,arts,partial,0.485,0.563,0,1,1
24,business,paid,0.582,0.863,0,0,1
22,science,unpaid,0.627,0.751,0,0,1
30,engineering,unpaid,0.417,0.933,0,0,1
25,arts,paid,0.819,0.653,0,0,0
21,science,paid,0.626,0.839,1,0,1
21,arts,paid,0.472,0.612,1,1,0
25,arts,paid,0.774,0.891,0,0,1
18,engineering,partial,0.786,0.725,1,1,0
22,engineering,unpaid,0.412,0.943,2,1,0
20,science,paid,0.676,0.806,0,0,0
22,arts,unpaid,0.847,0.764,0,0,1
20,business,partial,0.675,0.587,1,0,1
26,engineering,paid,0.915,0.88,0,0,0
17,science,unpaid,0.377,0.706,0,0,1
18,science,unpaid,0.706,0.848,0,0,0
20,business,partial,0.819,0.547,0,0,0
24,science,paid,0.827,0.694,0,0,0
18,science,paid,0.865,0.549,0,0,0
26,science,paid,0.824,0.971,0,1,1
24,arts,unpaid,0.931,0.925,0,1,1
30,engineering,paid,0.82,0.884,1,0,0
23,engineering,partial,0.727,0.848,0,1,0
20,business,partial,0.74,0.907,0,0,0
17,business,partial,0.738,0.943,2,0,1
24,science,unpaid,0.666,0.66,0,0,0
23,science,paid,0.778,0.742,0,0,0
28,arts,partial,0.637,0.909,0,0,1
20,science,paid,0.825,0.866,0,0,0
20,science,paid,0.329,0.707,0,0,1
25,science,partial,0.813,0.578,0,0,0
22,arts,paid,0.82,0.896,1,1,0
21,science,partial,0.544,0.825,0,0,1
23,business,paid,0.725,0.573,0,0,0
23,business,partial,0.938,0.641,0,0,0
22,business,partial,0.903,0.954,0,1,1
24,science,unpaid,0.723,0.795,0,0,0
24,engineering,paid,0.779,0.814,2,0,1
24,arts,partial,0.743,0.676,0,0,0
25,science,partial,0.907,0.856,1,0,0
20,business,unpaid,0.482,0.981,0,0,1
22,science,unpaid,0.685,0.755,0,0,1
23,engineering,paid,0.403,0.697,1,0,1
19,science,paid,0.799,0.885,0,0,0
30,science,unpaid,0.905,0.887,0,0,1
27,science,unpaid,0.756,0.924,0,1,1
24,business,paid,0.722,0.7,0,1,0
26,arts,paid,0.698,0.598,0,0,0
29,business,unpaid,0.776,0.788,1,0,0
29,science,paid,0.883,0.837,0,0,0
26,engineering,paid,0.693,0.675,0,0,0
18,arts,paid,0.934,0.644,1,1,0
29,engineering,paid,0.859,0.868,0,1,0
22,engineering,partial,0.54,0.906,0,0,0
18,engineering,partial,0.685,0.734,0,1,1
30,arts,partial,0.403,0.804,2,0,1
17,business,partial,0.804,0.643,0,0,0
20,science,unpaid,0.735,0.853,1,0,1
17,engineering,unpaid,0.386,0.868,0,0,1
17,engineering,paid,0.502,0.741,0,0,1
24,business,partial,0.673,0.837,0,0,1
29,science,paid,0.523,0.863,0,0,1
27,science,unpaid,0.713,0.736,0,0,0
29,business,partial,0.844,0.926,1,0,1
26,arts,partial,0.605,0.86,0,0,1
28,engineering,partial,0.609,0.931,0,0,1
23,engineering,partial,0.679,0.8,1,0,1
18,engineering,paid,0.81,0.753,0,1,0
27,arts,paid,0.277,0.822,0,0,1
25,arts,unpaid,0.475,0.8,0,1,0
29,arts,partial,0.361,0.782,0,0,1
17,science,unpaid,0.759,0.873,1,0,1
17,engineering,unpaid,0.291,0.622,0,0,1
28,engineering,partial,0.793,0.831,0,0,0
30,arts,unpaid,0.943,0.639,0,1,1
25,arts,unpaid,0.641,0.421,0,0,1
19,engineering,paid,0.718,0.948,0,0,0
18,business,unpaid,0.749,0.877,0,1,0
29,business,unpaid,0.608,0.865,1,0,0
27,business,partial,0.97,0.797,0,1,0
29,science,partial,0.429,0.742,0,0,0
22,science,partial,0.647,0.904,2,0,0
21,arts,partial,0.506,0.801,0,0,1
24,business,unpaid,0.742,0.932,0,0,1
20,science,unpaid,0.539,0.551,0,0,0
17,engineering,paid,0.678,0.595,0,0,0
26,business,unpaid,0.756,0.663,0,0,1
23,business,partial,0.44,0.753,1,0,0
18,engineering,partial,0.736,0.62,0,0,0
30,engineering,partial,0.858,0.634,0,0,0
29,business,unpaid,0.404,0.8,0,0,1
22,business,partial,0.579,0.901,1,0,1
29,business,unpaid,0.934,0.738,0,0,1
17,business,paid,0.72,0.672,0,1,1
29,arts,unpaid,0.75,0.631,0,1,0
23,arts,paid,0.719,0.879,0,0,1
24,science,unpaid,0.828,0.836,0,1,1
19,business,unpaid,0.505,0.822,0,0,1
27,arts,unpaid,0.515,0.97,1,1,1
19,engineering,unpaid,0.539,0.601,0,0,1
21,science,partial,0.69,0.527,0,0,0
26,business,partial,0.867,0.828,1,0,0
26,science,partial,0.929,0.639,0,1,0
29,engineering,unpaid,0.434,0.816,1,0,1
21,arts,partial,0.493,0.969,0,0,0
29,arts,unpaid,0.336,0.76,0,0,0
25,science,unpaid,0.68,0.916,0,0,0
29,business,unpaid,0.811,0.69,0,0,0
18,business,paid,0.486,0.916,0,0,1
20,arts,partial,0.436,0.497,0,0,0
27,engineering,partial,0.661,0.852,0,1,0
22,arts,unpaid,0.885,0.858,0,0,1
20,business,unpaid,0.767,0.929,0,0,1
26,arts,unpaid,0.835,0.812,0,0,0
27,business,unpaid,0.907,0.867,0,0,0
25,engineering,paid,0.36,0.454,1,0,1
17,business,paid,0.722,0.759,0,0,0
28,business,partial,0.778,0.673,0,0,1
28,business,partial,0.876,0.722,1,0,0
27,business,unpaid,0.866,0.428,0,0,0
28,business,partial,0.928,0.67,0,1,0
26,engineering,partial,0.707,0.82,1,0,0
27,engineering,unpaid,0.853,0.739,0,1,0
25,engineering,partial,0.61,0.957,0,0,0
25,arts,unpaid,0.769,0.826,0,0,0
27,engineering,unpaid,0.308,0.92,0,0,1
28,science,unpaid,0.706,0.92,0,0,1
27,business,partial,0.967,0.701,0,1,1
18,engineering,paid,0.521,0.912,0,0,0
30,arts,paid,0.84,0.893,1,0,1
21,business,partial,0.794,0.922,0,0,0
17,science,paid,0.635,0.872,0,0,1
23,business,unpaid,0.47,0.964,0,0,1
29,arts,paid,0.78,0.861,0,0,0
19,science,partial,0.72,0.855,0,0,0
17,arts,partial,0.894,0.848,1,0,0
23,engineering,paid,0.935,0.967,2,0,0
27,science,partial,0.859,0.871,3,0,1
21,arts,paid,0.853,0.502,1,1,1
21,arts,partial,0.615,0.774,0,0,0
28,engineering,paid,0.587,0.844,0,0,0
24,science,unpaid,0.83,0.81,0,0,0
21,science,partial,0.764,0.866,0,0,0
19,science,partial,0.565,0.614,0,0,1
20,science,paid,0.795,0.879,1,0,1
29,engineering,unpaid,0.594,0.977,2,0,1
17,arts,unpaid,0.334,0.87,0,0,0
18,business,paid,0.96,0.714,0,0,0
25,business,unpaid,0.619,0.595,0,0,1
27,arts,paid,0.617,0.9,1,0,1
27,engineering,unpaid,0.68,0.95,0,1,0
